Marca,Modelo,Ano,Tipo,Encaixe,Sensor,MP,Processador,IBIS,Peso (Corpo),Tipo de visor,Tela,Tela touch,Pontos AF (Visor),AF (Display),FPS RAW,Buffer RAW,Vídeo,Entrada de microfone,Saída de fone,Conectividade
Canon,DCS 5,1995,DSLR (adaptado),Canon EF,Sensor pequeno (2.6x crop),1.5,Nao possui (pre-DIGIC - Kodak),Nao possui,1800g,Pentaprisma - 100% (aprox.),Nao possui,Nao possui,5 pontos,Nao possui Live View,2.5 fps,10 fotos,Nao grava video,Nao possui,Nao possui,Nenhuma
Canon,DCS 3,1995,DSLR (adaptado),Canon EF,APS-C (aprox. 1.5x),1.3,Nao possui (pre-DIGIC - Kodak),Nao possui,1800g,Pentaprisma - 100% (aprox.),Nao possui,Nao possui,5 pontos,Nao possui Live View,2.7 fps,8 fotos,Nao grava video,Nao possui,Nao possui,Nenhuma
Canon,DCS 1,1995,DSLR (adaptado),Canon EF,APS-H,6.2,Nao possui (pre-DIGIC - Kodak),Nao possui,1800g,Pentaprisma - 100% (aprox.),Nao possui,Nao possui,5 pontos,Nao possui Live View,~2 fps (aprox.),poucas fotos (aprox.),Nao grava video,Nao possui,Nao possui,Nenhuma
Canon,D2000,1998,DSLR (adaptado),Canon EF,APS-C,2,Nao possui (pre-DIGIC - Kodak),Nao possui,1650g,Pentaprisma - 100% (aprox.),Fixa 1.8 pol,Nao possui,5 pontos (aprox.),Nao possui Live View,3.5 fps,poucas fotos (aprox.),Nao grava video,Nao possui,Nao possui,Nenhuma
Canon,D6000,1998,DSLR (adaptado),Canon EF,APS-C,6,Nao possui (pre-DIGIC - Kodak),Nao possui,~1650g (aprox.),Pentaprisma - 100% (aprox.),Fixa 1.8 pol,Nao possui,5 pontos (aprox.),Nao possui Live View,~3.5 fps (aprox.),poucas fotos (aprox.),Nao grava video,Nao possui,Nao possui,Nenhuma
Canon,D30,2000,DSLR,Canon EF,APS-C,3.1,Nao possui (pre-DIGIC),Nao possui,780g,Pentaprisma - 95% (aprox.),Fixa 1.8 pol (114k pontos),Nao possui,3 pontos,Nao possui Live View,3 fps,8 fotos,Nao grava video,Nao possui,Nao possui,Nenhuma
Canon,EOS-1D,2001,DSLR,Canon EF,APS-H,4.15,Nao possui (pre-DIGIC),Nao possui,1250g,Pentaprisma - 100%,Fixa 2.0 pol (120k pontos),Nao possui,45 pontos,Nao possui Live View,8 fps,21 fotos,Nao grava video,Nao possui,Nao possui,Nenhuma
Canon,D60,2002,DSLR,Canon EF,APS-C,6.3,DIGIC,Nao possui,~780g (aprox.),Pentaprisma - 95% (aprox.),Fixa 1.8 pol (114k pontos),Nao possui,3 pontos,Nao possui Live View,3 fps,8 fotos (aprox.),Nao grava video,Nao possui,Nao possui,Nenhuma
Canon,EOS-1Ds,2002,DSLR,Canon EF,Full Frame,11.1,DIGIC,Nao possui,1265g,Pentaprisma - 100%,Fixa 2.0 pol (120k pontos),Nao possui,45 pontos,Nao possui Live View,3 fps,10 fotos,Nao grava video,Nao possui,Nao possui,Nenhuma
Canon,Digital Rebel,2003,DSLR,Canon EF / EF-S,APS-C,6.3,DIGIC,Não possui,560g,Pentaespelho - 95%,Fixa 1.8 pol (118k pontos),Não possui,7 pontos,Não possui Live View,2.5 fps,4 fotos,Não grava vídeo,Não possui,Não possui,Nenhuma
Canon,EOS 10D,2003,DSLR,Canon EF,APS-C,6.3,DIGIC,Nao possui,790g,Pentaprisma - 95%,Fixa 1.8 pol (118k pontos),Nao possui,7 pontos (1 em cruz central),Nao possui Live View,3 fps,9 fotos,Nao grava video,Nao possui,Nao possui,Nenhuma
Canon,EOS-1D Mark II,2004,DSLR,Canon EF,APS-H,8.2,DIGIC II,Nao possui,~1170g (aprox.),Pentaprisma - 100%,Fixa 2.0 pol (230k pontos),Nao possui,45 pontos,Nao possui Live View,8.5 fps,20 fotos,Nao grava video,Nao possui,Nao possui,Nenhuma
Canon,EOS 20D,2004,DSLR,Canon EF-S,APS-C,8.2,DIGIC II,Nao possui,685g,Pentaprisma - 95%,Fixa 1.8 pol (118k pontos),Nao possui,9 pontos,Nao possui Live View,5 fps,6 fotos,Nao grava video,Nao possui,Nao possui,Nenhuma
Canon,EOS-1Ds Mark II,2004,DSLR,Canon EF,Full Frame,16.7,DIGIC II,Nao possui,1215g,Pentaprisma - 100%,Fixa 2.0 pol (230k pontos),Nao possui,45 pontos,Nao possui Live View,4.5 fps,~11 fotos (aprox.),Nao grava video,Nao possui,Nao possui,Nenhuma
Canon,Rebel XT,2005,DSLR,Canon EF / EF-S,APS-C,8,DIGIC 2,Não possui,540g,Pentaespelho - 95%,Fixa 1.8 pol (115k pontos),Não possui,7 pontos,Não possui Live View,3 fps,4 fotos,Não grava vídeo,Não possui,Não possui,Nenhuma
Canon,EOS 20Da,2005,DSLR (astrofotografia),Canon EF-S,APS-C,8.2,DIGIC II,Nao possui,~685g (aprox.),Pentaprisma - 95%,Fixa 1.8 pol (118k pontos),Nao possui,9 pontos,Contraste (Live View) - primeira EOS com Live View,5 fps,6 fotos (aprox.),Nao grava video,Nao possui,Nao possui,Nenhuma
Canon,EOS-1D Mark II N,2005,DSLR,Canon EF,APS-H,8.2,DIGIC II,Nao possui,~1170g (aprox.),Pentaprisma - 100%,Fixa 2.0 pol (230k pontos),Nao possui,45 pontos,Nao possui Live View,8.5 fps,20 fotos,Nao grava video,Nao possui,Nao possui,Nenhuma
Canon,EOS 5D,2005,DSLR,Canon EF,Full Frame,12.7,DIGIC II,Nao possui,810g,Pentaprisma - 96% (aprox.),Fixa 2.5 pol (230k pontos),Nao possui,9 pontos + 6 de assistencia,Nao possui Live View,3 fps,~17 fotos (aprox.),Nao grava video,Nao possui,Nao possui,Nenhuma
Canon,Rebel XTi,2006,DSLR,Canon EF / EF-S,APS-C,10.1,DIGIC 2,Não possui,510g,Pentaespelho - 95%,Fixa 2.5 pol (230k pontos),Não possui,9 pontos,Não possui Live View,3 fps,10 fotos,Não grava vídeo,Não possui,Não possui,Nenhuma
Canon,EOS 30D,2006,DSLR,Canon EF-S,APS-C,8.2,DIGIC II,Nao possui,700g,Pentaprisma - 95% (aprox.),Fixa 2.5 pol (230k pontos),Nao possui,9 pontos,Nao possui Live View,5 fps,~11 fotos (aprox.),Nao grava video,Nao possui,Nao possui,Nenhuma
Canon,EOS-1D Mark III,2007,DSLR,Canon EF,APS-H,10.1,DIGIC III (duplo),Nao possui,~1150g (aprox.),Pentaprisma - 100%,Fixa 3.0 pol (230k pontos),Nao possui,45 pontos (19 em cruz + 26 assistencia),Contraste (Live View),10 fps,30 fotos,Nao grava video,Nao possui,Nao possui,Nenhuma
Canon,EOS 40D,2007,DSLR,Canon EF-S,APS-C,10.1,DIGIC III,Nao possui,740g,Pentaprisma - 95%,Fixa 3.0 pol (230k pontos),Nao possui,9 pontos (todos em cruz),Contraste (Live View),6.5 fps,~17 fotos (aprox.),Nao grava video,Nao possui,Nao possui,Nenhuma
Canon,EOS-1Ds Mark III,2007,DSLR,Canon EF,Full Frame,21.1,DIGIC III (duplo),Nao possui,1205g,Pentaprisma - 100%,Fixa 3.0 pol (230k pontos),Nao possui,45 pontos (19 em cruz + 26 assistencia),Contraste (Live View),5 fps,~12 fotos (aprox.),Nao grava video,Nao possui,Nao possui,Nenhuma
Canon,Rebel XSi,2008,DSLR,Canon EF / EF-S,APS-C,12.2,DIGIC III,Não possui,475g,Pentaespelho - 95%,Fixa 3 pol (230k pontos),Não possui,9 pontos,Contraste (Live View),3.5 fps,6 fotos,Não grava vídeo,Não possui,Não possui,Nenhuma
Canon,Rebel XS,2008,DSLR,Canon EF / EF-S,APS-C,10.1,DIGIC III,Não possui,~450g (aprox.),Pentaespelho - 95%,Fixa 2.5 pol (230k pontos),Não possui,7 pontos,Contraste (Live View),3 fps,~5 fotos (aprox.),Não grava vídeo,Não possui,Não possui,Nenhuma
Canon,EOS 50D,2008,DSLR,Canon EF-S,APS-C,15.1,DIGIC 4,Nao possui,~730g (aprox.),Pentaprisma - 95%,Fixa 3.0 pol (920k pontos),Nao possui,9 pontos (cruz central),Contraste (Live View) - com deteccao de rosto,6.3 fps,~16 fotos (aprox.),Nao grava video,Nao possui,Nao possui,Nenhuma
Canon,EOS 5D Mark II,2008,DSLR,Canon EF,Full Frame,21,DIGIC 4,Nao possui,810g,Pentaprisma - 98%,Fixa 3.0 pol (921k pontos),Nao possui,9 pontos + 6 de assistencia,Contraste (Live View) - funciona em video,3.9 fps,~13 fotos (aprox.),1080p 30fps sem crop - pioneira em video DSLR,Sim (P2 3.5mm),Nao possui,Nenhuma
Canon,Rebel T1i,2009,DSLR,Canon EF / EF-S,APS-C,15.1,DIGIC 4,Não possui,~480g (aprox.),Pentaespelho - 95%,Fixa 3 pol (920k pontos),Não possui,9 pontos,Contraste (Live View),3.4 fps,~9 fotos (aprox.),1080p 20fps / 720p 30fps sem crop,Não possui,Não possui,Nenhuma
Canon,EOS 7D,2009,DSLR,Canon EF-S,APS-C,18,DIGIC 4,Nao possui,820g,Pentaprisma - 100%,Fixa 3.0 pol (920k pontos),Nao possui,19 pontos (todos em cruz),Contraste (Live View) - funciona em video,8 fps,~15 fotos (aprox.),1080p 30fps sem crop,Sim (P2 3.5mm),Nao possui,Nenhuma
Canon,EOS-1D Mark IV,2009,DSLR,Canon EF,APS-H,16.1,DIGIC 4 (duplo),Nao possui,1180g,Pentaprisma - 100%,Fixa 3.0 pol (920k pontos),Nao possui,45 pontos (39 em cruz),Contraste (Live View) - funciona em video,10 fps,28 fotos,1080p 30fps sem crop,Sim (P2 3.5mm),Sim (P2 3.5mm),Nenhuma
Sony,NEX-3,2010,Mirrorless,Sony E-mount,APS-C,14.2,BIONZ,Nao possui,297g,Nao possui visor integrado (opcional externo - optico),Fixa (tilt) 3.0 pol (921k pontos),Nao possui,25 pontos (contraste),Contraste - nao funciona em video (sem AF continuo),7 fps (2.3 fps com AF continuo),~7 fotos (aprox.),720p 30fps sem crop,Nao possui,Nao possui,Nenhuma
Sony,NEX-5,2010,Mirrorless,Sony E-mount,APS-C,14.2,BIONZ,Nao possui,287g,Nao possui visor integrado (opcional externo - optico),Fixa (tilt) 3.0 pol (920k pontos),Nao possui,25 pontos (contraste),Contraste - funciona em video (AVCHD),7 fps (2.3 fps com AF continuo),~7 fotos (aprox.),1080i 60fps sem crop (AVCHD),Nao possui,Nao possui,Nenhuma
Canon,Rebel T2i,2010,DSLR,Canon EF / EF-S,APS-C,18,DIGIC 4,Não possui,530g,Pentaespelho - 95%,Fixa 3 pol (1040k pontos),Não possui,9 pontos (1 em cruz),Contraste (Live View) - foco único em vídeo,3.7 fps,6 fotos,1080p 30fps sem crop,Sim (P2 3.5mm),Não possui,Nenhuma
Canon,EOS 60D,2010,DSLR,Canon EF-S,APS-C,18,DIGIC 4,Nao possui,755g,Pentaprisma - 96%,Articulada 3.0 pol (1040k pontos),Nao possui,9 pontos (todos em cruz),Contraste (Live View) - funciona em video,5.3 fps,~16 fotos (aprox.),1080p 30fps sem crop - primeira EOS com tela articulada,Sim (P2 3.5mm),Nao possui,Nenhuma
Canon,Rebel T3,2011,DSLR,Canon EF / EF-S,APS-C,12.2,DIGIC 4,Não possui,495g,Pentaespelho - 95%,Fixa 2.7 pol (230k pontos),Não possui,9 pontos,Contraste (Live View) - manual em vídeo,3 fps,5 fotos,720p 30fps sem crop,Não possui,Não possui,Nenhuma
Canon,Rebel T3i,2011,DSLR,Canon EF / EF-S,APS-C,18,DIGIC 4,Não possui,570g,Pentaespelho - 95%,Articulada 3 pol (1040k pontos),Não possui,9 pontos (1 em cruz),Contraste (Live View) - manual em vídeo,3.7 fps,~6 fotos (aprox.),1080p 30fps sem crop,Sim (P2 3.5mm),Não possui,Nenhuma
Canon,EOS-1D X,2011,DSLR,Canon EF,Full Frame,18.1,DIGIC 5+ (duplo),Nao possui,1340g,Pentaprisma - 100%,Fixa 3.2 pol (1040k pontos),Nao possui,61 pontos (41 em cruz),Contraste (Live View) - funciona em video,12 fps,~30 fotos (aprox.),1080p 30fps sem crop,Sim (P2 3.5mm),Sim (P2 3.5mm),Nenhuma (sem Wi-Fi integrado)
Sony,NEX-C3,2011,Mirrorless,Sony E-mount,APS-C,16.2,BIONZ,Nao possui,225g (corpo - sem bateria/cartao),Nao possui,Fixa (tilt) 3.0 pol (920k pontos - aprox.),Nao possui,25 pontos (contraste),Contraste - funciona em video,~6 fps (aprox.),~7 fotos (aprox.),1080i 60fps sem crop (AVCHD - aprox.),Nao possui,Nao possui,Nenhuma
Sony,NEX-5N,2011,Mirrorless,Sony E-mount,APS-C,16.1,BIONZ,Nao possui,~269g (aprox.),Nao possui visor integrado (opcional externo eletronico FDA-EV1S),Fixa (tilt) touch 3.0 pol (920k pontos),Sim - com foco ao toque,25 pontos (contraste),Contraste - funciona em video,10 fps (3 fps com AF continuo),~13 fotos (aprox.),1080p 60fps sem crop (AVCHD 2.0),Sim (P2 3.5mm),Nao possui,Nenhuma
Sony,NEX-7,2011,Mirrorless,Sony E-mount,APS-C,24.3,BIONZ,Nao possui,353g,Eletronico OLED integrado (2360k pontos) - primeira NEX com EVF integrado,Fixa (tilt) 3.0 pol (922k pontos),Nao possui,25 pontos (contraste),Contraste - funciona em video,10 fps (3 fps com AF continuo),~13 fotos (aprox.),1080p 60fps sem crop (AVCHD),Sim (P2 3.5mm),Nao possui,Nenhuma
Canon,Rebel T4i,2012,DSLR,Canon EF / EF-S,APS-C,18,DIGIC 5,Não possui,575g,Pentaespelho - 95%,Articulada touch 3 pol (1040k pontos),Sim - com foco ao toque,9 pontos (todos em cruz),Híbrido CMOS AF - contínuo em vídeo,5 fps,~22 fotos (aprox.),1080p 30fps sem crop,Sim (P2 3.5mm),Não possui,Nenhuma
Canon,EOS 5D Mark III,2012,DSLR,Canon EF,Full Frame,22.3,DIGIC 5+,Nao possui,860g,Pentaprisma - 100%,Fixa 3.2 pol (1040k pontos),Nao possui,61 pontos (41 em cruz),Contraste (Live View) - funciona em video,6 fps,13 fotos,1080p 30fps sem crop,Sim (P2 3.5mm),Sim (P2 3.5mm),Nenhuma (sem Wi-Fi integrado)
Canon,EOS 6D,2012,DSLR,Canon EF,Full Frame,20.2,DIGIC 5+,Nao possui,680g,Pentaprisma - 97% (aprox.),Fixa 3.0 pol (1040k pontos),Nao possui,11 pontos (1 em cruz central),Contraste (Live View) - funciona em video,4.5 fps,~17 fotos (aprox.),1080p 30fps sem crop,Sim (P2 3.5mm),Nao possui,Wi-Fi + GPS
Canon,EOS M,2012,Mirrorless,Canon EF-M,APS-C,18,DIGIC 5,Nao possui,262g,Nao possui visor integrado (sem EVF),Fixa touch 3.0 pol (1040k pontos),Sim - com foco ao toque,Nao divulgado (Hibrido CMOS AF),Hibrido CMOS AF (contraste + fase) - funciona em video - porem lento (criticada na epoca pela velocidade de AF),4.3 fps,~5 fotos (aprox.),1080p 24fps sem crop (aprox.),Nao possui,Nao possui,Wi-Fi
Sony,NEX-F3,2012,Mirrorless,Sony E-mount,APS-C,16.1,BIONZ,Nao possui,314g,Nao possui,Articulada (180 para cima) 3.0 pol (920k pontos - aprox.),Nao possui,25 pontos (contraste),Contraste - funciona em video,~5.5 fps (aprox.),~13 fotos (aprox.),1080p 60fps sem crop (AVCHD),Nao possui,Nao possui,Nenhuma
Sony,NEX-5R,2012,Mirrorless,Sony E-mount,APS-C,16,BIONZ,Nao possui,276g,Nao possui visor integrado (opcional externo eletronico),Articulada (180 para cima) touch 3.0 pol (920k pontos),Sim - com foco ao toque,99 pontos fase + 25 pontos contraste (hibrido),Hibrido (fase + contraste) - funciona em video,10 fps (3 fps com AF continuo),~17 fotos (aprox.),1080p 60fps sem crop,Nao possui (aprox.),Nao possui,Wi-Fi
Sony,NEX-6,2012,Mirrorless,Sony E-mount,APS-C,16.1,BIONZ,Nao possui,~345g (aprox.),Eletronico OLED integrado (2360k pontos),Fixa (tilt) touch 3.0 pol (920k pontos - aprox.),Sim - com foco ao toque,99 pontos fase + 25 pontos contraste (hibrido) - primeira NEX com AF hibrido,Hibrido (fase + contraste) - funciona em video,10 fps (3 fps com AF continuo),~17 fotos (aprox.),1080p 60fps sem crop,Sim (P2 3.5mm),Nao possui,Wi-Fi (primeira NEX com Wi-Fi e apps via PlayMemories)
Sony,NEX-3N,2013,Mirrorless,Sony E-mount,APS-C,16,BIONZ,Nao possui,269g,Nao possui,Articulada (180 para cima) 3.0 pol (460k pontos),Nao possui,25 pontos (contraste),Contraste - funciona em video,4 fps,~6 fotos (aprox.),1080p 60fps sem crop,Nao possui,Nao possui,Nenhuma
Canon,Rebel SL1,2013,DSLR,Canon EF / EF-S,APS-C,18,DIGIC 5,Não possui,407g,Pentaespelho - 95%,Fixa touch 3 pol (1040k pontos),Sim - com foco ao toque,9 pontos (1 em cruz central),Híbrido CMOS AF II (80% cobertura) - contínuo em vídeo,4 fps,~28 fotos (aprox.),1080p 30fps sem crop,Não possui,Não possui,Nenhuma
Canon,Rebel T5i,2013,DSLR,Canon EF / EF-S,APS-C,18,DIGIC 5,Não possui,525g,Pentaespelho - 95%,Articulada touch 3 pol (1040k pontos),Sim - com foco ao toque,9 pontos (todos em cruz),Híbrido CMOS AF - contínuo em vídeo,5 fps,~22 fotos (aprox.),1080p 30fps sem crop,Sim (P2 3.5mm),Não possui,Nenhuma
Canon,EOS 70D,2013,DSLR,Canon EF-S,APS-C,20.2,DIGIC 5+,Nao possui,~755g (aprox.),Pentaprisma - 98% (aprox.),Articulada touch 3.0 pol (1040k pontos),Sim - com foco ao toque,19 pontos (todos em cruz),Dual Pixel CMOS AF - primeira camera com essa tecnologia - funciona em video,7 fps,16 fotos,1080p 30fps sem crop,Sim (P2 3.5mm),Nao possui (aprox.),Wi-Fi
Canon,EOS M2,2013,Mirrorless,Canon EF-M,APS-C,18,DIGIC 5,Nao possui,274g,Nao possui visor integrado (sem EVF),Fixa touch 3.0 pol (1040k pontos),Sim - com foco ao toque,Nao divulgado (Hibrido CMOS AF II),Hibrido CMOS AF II - funciona em video - mais rapido que a M original,3.4 fps,~5 fotos (aprox.),1080p 30fps sem crop (aprox.),Nao possui,Nao possui,Wi-Fi + NFC
Sony,A7,2013,Mirrorless,Sony E-mount (FE),Full Frame,24.3,BIONZ X,Não possui,416g,Eletrônico OLED (Tru-Finder) - 100%,Inclinável 3 pol (1230k pontos),Não possui,117 pontos fase + 25 pontos contraste (híbrido),Híbrido (fase + contraste) - funciona em vídeo,5 fps,28 fotos,1080p 60fps sem crop,Sim (P2 3.5mm),Sim (P2 3.5mm),Wi-Fi + NFC
Sony,NEX-5T,2013,Mirrorless,Sony E-mount,APS-C,16.1,BIONZ,Nao possui,276g,Nao possui visor integrado (opcional externo eletronico),Articulada (180 para cima) touch 3.0 pol (922k pontos),Sim - com foco ao toque,99 pontos fase + 25 pontos contraste (hibrido),Hibrido (fase + contraste) - funciona em video,10 fps (3 fps com AF continuo),~17 fotos (aprox.),1080p 60fps sem crop,Nao possui (aprox.),Nao possui,Wi-Fi + NFC
Canon,Rebel T5,2014,DSLR,Canon EF / EF-S,APS-C,18,DIGIC 4,Não possui,480g,Pentaespelho - 95%,Fixa 3 pol (460k pontos),Não possui,9 pontos (1 em cruz),Contraste (Live View) - manual em vídeo,3 fps,~6 fotos (aprox.),1080p 30fps sem crop,Não possui,Não possui,Nenhuma
Canon,EOS 7D Mark II,2014,DSLR,Canon EF-S,APS-C,20.2,DIGIC 6 (duplo),Nao possui,820g,Pentaprisma - 100%,Fixa 3.0 pol (1040k pontos),Nao possui,65 pontos (todos em cruz),Dual Pixel CMOS AF - funciona em video,10 fps,31 fotos,1080p 60fps sem crop,Sim (P2 3.5mm),Sim (P2 3.5mm),Nenhuma nativo (Wi-Fi via adaptador opcional)
Canon,Rebel T6i,2015,DSLR,Canon EF / EF-S,APS-C,24.2,DIGIC 6,Não possui,555g,Pentaespelho - 95%,Articulada touch 3 pol (1040k pontos),Sim - com foco ao toque,19 pontos (todos em cruz),Híbrido CMOS AF III - sem Servo AF em Live View,5 fps,~24 fotos (aprox.),1080p 30fps sem crop,Sim (P2 3.5mm),Não possui,Wi-Fi + NFC
Canon,Rebel T6s,2015,DSLR,Canon EF / EF-S,APS-C,24.2,DIGIC 6,Não possui,~565g (aprox.),Pentaespelho - 95%,Articulada touch 3 pol (1040k pontos),Sim - com foco ao toque,19 pontos (todos em cruz),Híbrido CMOS AF III - com Servo AF em Live View,5 fps,~24 fotos (aprox.),1080p 30fps sem crop,Sim (P2 3.5mm),Não possui,Wi-Fi + NFC
Canon,EOS 5DS,2015,DSLR,Canon EF,Full Frame,50.3,DIGIC 6 (duplo),Nao possui,845g,Pentaprisma - 100%,Fixa 3.2 pol (1040k pontos),Nao possui,61 pontos (41 em cruz),Contraste (Live View) - funciona em video,5 fps,12 fotos,1080p 30fps sem crop,Sim (P2 3.5mm),Sim (P2 3.5mm) (aprox.),Nenhuma nativo (Wi-Fi via adaptador opcional)
Canon,EOS 5DS R,2015,DSLR,Canon EF,Full Frame,50.3,DIGIC 6 (duplo),Nao possui,845g,Pentaprisma - 100%,Fixa 3.2 pol (1040k pontos),Nao possui,61 pontos (41 em cruz),Contraste (Live View) - funciona em video,5 fps,12 fotos,1080p 30fps sem crop,Sim (P2 3.5mm),Sim (P2 3.5mm) (aprox.),Nenhuma nativo (Wi-Fi via adaptador opcional) - sem filtro passa-baixa (mais nitidez)
Canon,EOS M3,2015,Mirrorless,Canon EF-M,APS-C,24.2,DIGIC 6,Nao possui,366g,Nao possui integrado (EVF externo opcional EVF-DC1),Articulada touch 3.0 pol (1040k pontos),Sim - com foco ao toque,49 pontos (Hibrido CMOS AF III),Hibrido CMOS AF III - funciona em video,4.2 fps,~8 fotos (aprox.),1080p 30fps sem crop,Nao possui,Nao possui,Wi-Fi + NFC
Canon,EOS M10,2015,Mirrorless,Canon EF-M,APS-C,18,DIGIC 6,Nao possui,301g,Nao possui visor integrado (sem EVF),Articulada touch 3.0 pol (1040k pontos),Sim - com foco ao toque,49 pontos (Hibrido CMOS AF II),Hibrido CMOS AF II - funciona em video,4.6 fps,~6 fotos (aprox.),1080p 30fps sem crop (aprox.),Nao possui,Nao possui,Wi-Fi + NFC
Canon,T6,2016,DSLR,Canon EF / EF-S,APS-C,18,DIGIC 4+,Não possui,440g,Pentaespelho - 95%,Fixa 3 pol (920k pontos),Não possui,9 pontos (1 em cruz - central),Contraste (FlexiZone/Face Detect/AF Quick) - funciona em vídeo - porém lento,3 fps,6 fotos,1080p 30fps sem crop,Não possui,Não possui,Wi-Fi + NFC
Canon,EOS-1D X Mark II,2016,DSLR,Canon EF,Full Frame,20.2,DIGIC 6 + Dual DIGIC 6+,Nao possui,1340g,Pentaprisma - 100%,Fixa touch 3.2 pol (1620k pontos),Sim - com foco ao toque,61 pontos (41 em cruz),Contraste (Live View) - funciona em video,14 fps,~73 fotos RAW (aprox.),4K (DCI) 60fps com crop,Sim (P2 3.5mm),Sim (P2 3.5mm),GPS integrado (Wi-Fi via adaptador opcional)
Canon,EOS 80D,2016,DSLR,Canon EF-S,APS-C,24.2,DIGIC 6,Nao possui,730g,Pentaprisma - 100%,Articulada touch 3.0 pol (1040k pontos),Sim - com foco ao toque,45 pontos (todos em cruz),Dual Pixel CMOS AF - funciona em video,7 fps,~25 fotos (aprox.),1080p 60fps sem crop,Sim (P2 3.5mm),Sim (P2 3.5mm),Wi-Fi + NFC
Canon,EOS 5D Mark IV,2016,DSLR,Canon EF,Full Frame,30.4,DIGIC 6+ e DIGIC 6,Nao possui,800g,Pentaprisma - 100%,Fixa touch 3.2 pol (1620k pontos),Sim - com foco ao toque,61 pontos (41 em cruz),Dual Pixel CMOS AF - funciona em video,7 fps,21 fotos,4K (DCI) 30fps com crop 1.64x - 1080p 60fps sem crop,Sim (P2 3.5mm),Sim (P2 3.5mm),Wi-Fi + NFC + GPS
Canon,EOS M5,2016,Mirrorless,Canon EF-M,APS-C,24.2,DIGIC 7,Nao possui,427g,Eletronico OLED integrado - 100% (2360k pontos) - primeira EOS M com EVF,Articulada touch 3.2 pol (1620k pontos),Sim - com foco ao toque,49 pontos (Dual Pixel CMOS AF),Dual Pixel CMOS AF - funciona em video,9 fps (7 fps com AF continuo),~17 fotos (aprox.),1080p 60fps sem crop,Sim (P2 3.5mm),Nao possui,Wi-Fi + NFC + Bluetooth
Canon,Rebel SL2,2017,DSLR,Canon EF / EF-S,APS-C,24.2,DIGIC 7,Não possui,453g,Pentaespelho - 95%,Articulada touch 3 pol (1040k pontos),Sim - com foco ao toque,9 pontos (1 em cruz central),Dual Pixel CMOS AF - contínuo em vídeo,5 fps,~27 fotos (aprox.),1080p 60fps sem crop,Sim (P2 3.5mm),Não possui,Wi-Fi + Bluetooth
Canon,Rebel T7i,2017,DSLR,Canon EF / EF-S,APS-C,24.2,DIGIC 7,Não possui,532g,Pentaespelho - 95%,Articulada touch 3 pol (1040k pontos),Sim - com foco ao toque,45 pontos (todos em cruz),Dual Pixel CMOS AF - contínuo em vídeo,6 fps,24 fotos,1080p 60fps sem crop,Sim (P2 3.5mm),Não possui,Wi-Fi + NFC + Bluetooth
Canon,EOS 77D,2017,DSLR,Canon EF-S,APS-C,24.2,DIGIC 7,Nao possui,493g,Pentaespelho - 95%,Articulada touch 3.0 pol (1040k pontos),Sim - com foco ao toque,45 pontos (todos em cruz),Dual Pixel CMOS AF - funciona em video,6 fps,~27 fotos (aprox.),1080p 60fps sem crop,Sim (P2 3.5mm),Nao possui (aprox.),Wi-Fi + NFC + Bluetooth
Canon,EOS 6D Mark II,2017,DSLR,Canon EF,Full Frame,26.2,DIGIC 7,Nao possui,~765g (aprox.),Pentaprisma - 98%,Articulada touch 3.0 pol (1040k pontos),Sim - com foco ao toque,45 pontos (todos em cruz),Dual Pixel CMOS AF - funciona em video,6.5 fps,~21 fotos (aprox.),1080p 60fps sem crop,Sim (P2 3.5mm),Nao possui (aprox.),Wi-Fi + NFC + Bluetooth + GPS
Canon,EOS M6,2017,Mirrorless,Canon EF-M,APS-C,24.2,DIGIC 7,Nao possui,343g,Nao possui integrado (EVF externo opcional EVF-DC2),Articulada touch 3.0 pol (1040k pontos),Sim - com foco ao toque,49 pontos (Dual Pixel CMOS AF),Dual Pixel CMOS AF - funciona em video,9 fps (7 fps com AF continuo),~17 fotos (aprox.),1080p 60fps sem crop,Sim (P2 3.5mm),Nao possui,Wi-Fi + NFC + Bluetooth
Canon,EOS M100,2017,Mirrorless,Canon EF-M,APS-C,24.2,DIGIC 7,Nao possui,302g,Nao possui visor (sem hot-shoe para EVF externo),Fixa touch 3.0 pol (1040k pontos),Sim - com foco ao toque,49 pontos (Dual Pixel CMOS AF),Dual Pixel CMOS AF - funciona em video,6.1 fps (4 fps com AF continuo),89 fotos (sem AF) - ate 1000 fotos (com AF),1080p 60fps sem crop,Nao possui,Nao possui,Wi-Fi + NFC + Bluetooth
Canon,Rebel T7,2018,DSLR,Canon EF / EF-S,APS-C,24.1,DIGIC 4+,Não possui,~475g (aprox.),Pentaespelho - 95%,Fixa 3 pol (920k pontos),Não possui,9 pontos (1 em cruz central),Contraste (Live View) - manual em vídeo,3 fps,11 fotos,1080p 30fps sem crop,Não possui,Não possui,Wi-Fi + NFC
Canon,EOS 4000D / 3000D,2018,DSLR,Canon EF,APS-C,18,DIGIC 4+,Nao possui,436g,Pentaespelho - 95%,Fixa 2.7 pol (baixa resolucao),Nao possui,9 pontos (1 em cruz central),Contraste (Live View) - manual em video,3 fps,6 fotos,1080p 30fps sem crop (aprox.),Nao possui,Nao possui,Nenhuma (sem Wi-Fi - modelo mais basico da linha)
Canon,EOS M50,2018,Mirrorless,Canon EF-M,APS-C,24.1,DIGIC 8,Nao possui,387g,Eletronico OLED integrado - 100% (2360k pontos),Articulada touch 3.0 pol (1040k pontos),Sim - com foco ao toque,143 pontos (Dual Pixel CMOS AF - exceto em 4K),Dual Pixel CMOS AF - funciona em video (exceto 4K - so contraste),10 fps (7.4 fps com AF continuo),~10 fotos (aprox.),4K 24fps com crop 1.6x - 1080p 60fps sem crop,Sim (P2 3.5mm),Nao possui,Wi-Fi + NFC + Bluetooth
Canon,EOS R,2018,Mirrorless,Canon RF,Full Frame,30.3,DIGIC 8,Nao possui,580g,Eletronico OLED integrado - 100% (3690k pontos),Articulada touch 3.15 pol (2100k pontos),Sim - com foco ao toque,5655 pontos (Dual Pixel CMOS AF),Dual Pixel CMOS AF - funciona em video,8 fps (5 fps com AF continuo - 3 fps em Live View no EVF),~50 fotos (aprox.),4K 30fps sem crop - 1080p 60fps sem crop,Sim (P2 3.5mm),Sim (P2 3.5mm),Wi-Fi + NFC + Bluetooth
Canon,Rebel SL3,2019,DSLR,Canon EF / EF-S,APS-C,24.1,DIGIC 8,Não possui,449g,Pentaespelho - 95%,Articulada touch 3 pol (1040k pontos),Sim - com foco ao toque,9 pontos (visor) / 143 pontos (Live View),Dual Pixel CMOS AF com detecção de olho - contínuo em vídeo (exceto 4K),5 fps,~27 fotos (aprox.),4K 24fps com crop 2.64x / 1080p 60fps sem crop,Sim (P2 3.5mm),Não possui,Wi-Fi + Bluetooth
Canon,EOS 90D,2019,DSLR,Canon EF-S,APS-C,32.5,DIGIC 8,Nao possui,701g,Pentaprisma - 100% (aprox.),Articulada touch 3.0 pol (1040k pontos),Sim - com foco ao toque,45 pontos (visor) - 5481 pontos (Live View),Dual Pixel CMOS AF - funciona em video,10 fps,~25 fotos (aprox.),4K 30fps com leve crop - 1080p 60fps sem crop,Sim (P2 3.5mm),Sim (P2 3.5mm),Wi-Fi + Bluetooth
Canon,EOS M200,2019,Mirrorless,Canon EF-M,APS-C,24.1,DIGIC 8,Nao possui,299g,Nao possui visor (sem hot-shoe para EVF externo),Fixa touch 3.0 pol (1040k pontos),Sim - com foco ao toque,143 pontos (Dual Pixel CMOS AF),Dual Pixel CMOS AF - funciona em video,6.1 fps (4 fps com AF continuo),89 fotos (sem AF) - ate 1000 fotos (com AF),1080p 60fps sem crop,Nao possui,Nao possui,Wi-Fi + NFC + Bluetooth
Canon,EOS M6 Mark II,2019,Mirrorless,Canon EF-M,APS-C,32.5,DIGIC 8,Nao possui,408g,Nao possui integrado (EVF externo opcional EVF-DC2 - 2360k pontos),Articulada touch 3.0 pol (1040k pontos),Sim - com foco ao toque,143 pontos (Dual Pixel CMOS AF),Dual Pixel CMOS AF - funciona em video,14 fps (30 fps em modo RAW burst com crop),~23 fotos (aprox.),4K 30fps sem crop - 1080p 120fps sem crop,Sim (P2 3.5mm),Nao possui,Wi-Fi + NFC + Bluetooth
Canon,EOS RP,2019,Mirrorless,Canon RF,Full Frame,26.2,DIGIC 8,Nao possui,440g,Eletronico OLED integrado - 100% (2360k pontos),Articulada touch 3.0 pol (1040k pontos),Sim - com foco ao toque,4779 pontos (Dual Pixel CMOS AF),Dual Pixel CMOS AF - funciona em video,5 fps (4 fps com AF continuo),~50 fotos (aprox.),4K 24fps com crop 1.7x - 1080p 60fps sem crop,Sim (P2 3.5mm),Nao possui,Wi-Fi + Bluetooth
Canon,EOS Ra,2019,Mirrorless (astrofotografia),Canon RF,Full Frame,30.3,DIGIC 8,Nao possui,~660g (aprox.),Eletronico OLED integrado - 100% (3690k pontos),Articulada touch 3.15 pol (2100k pontos),Sim - com foco ao toque,5655 pontos (Dual Pixel CMOS AF),Dual Pixel CMOS AF - funciona em video,8 fps (5 fps com AF continuo),~50 fotos (aprox.),4K 30fps sem crop - 1080p 60fps sem crop,Sim (P2 3.5mm),Sim (P2 3.5mm),Wi-Fi + NFC + Bluetooth (filtro IR modificado - 4x mais sensivel a H-alfa)
Canon,Rebel T8i,2020,DSLR,Canon EF / EF-S,APS-C,24.1,DIGIC 8,Não possui,515g,Pentaespelho - 95%,Articulada touch 3 pol (1040k pontos),Sim - com foco ao toque,45 pontos (todos em cruz),Dual Pixel CMOS AF com detecção de olho - contínuo em vídeo (exceto 4K),7 fps,~24 fotos (aprox.),4K 24fps com crop / 1080p 60fps sem crop,Sim (P2 3.5mm),Sim (P2 3.5mm),Wi-Fi + Bluetooth
Canon,EOS-1D X Mark III,2020,DSLR,Canon EF,Full Frame,20.1,DIGIC X,Nao possui,1440g,Pentaprisma - 100%,Fixa touch 3.15 pol (2100k pontos),Sim - com foco ao toque,191 pontos (155 em cruz),Dual Pixel CMOS AF II - funciona em video,16 fps,~140 fotos RAW (aprox.),5.5K RAW 60fps com crop - 4K 60fps sem crop,Sim (P2 3.5mm),Sim (P2 3.5mm),Wi-Fi + Bluetooth + Ethernet
Canon,Rebel T7+,2020,DSLR,Canon EF / EF-S,APS-C,24.1,DIGIC 4+,Nao possui,427g,Pentaespelho - 95%,Fixa 3.0 pol (920k pontos),Nao possui,9 pontos (1 em cruz central),Contraste (FlexiZone-Single - deteccao de rosto) + deteccao de fase - manual em video,3 fps,11 fotos,1080p 30fps sem crop,Nao possui,Nao possui,Wi-Fi + NFC
Canon,EOS M50 Mark II,2020,Mirrorless,Canon EF-M,APS-C,24.1,DIGIC 8,Nao possui,387g,Eletronico OLED integrado - 100% (2360k pontos),Articulada touch 3.2 pol (1620k pontos),Sim - com foco ao toque,143 pontos (Dual Pixel CMOS AF - exceto em 4K),Dual Pixel CMOS AF - funciona em video (exceto 4K - so contraste),10 fps (7.4 fps com AF continuo),~10 fotos (aprox.),4K 24fps com crop 1.6x - 1080p 60fps sem crop,Sim (P2 3.5mm),Nao possui,Wi-Fi + Bluetooth (sem NFC)
Canon,EOS R5,2020,Mirrorless,Canon RF,Full Frame,44.8,DIGIC X,Sim (5 eixos - ate 8 stops),650g,Eletronico OLED integrado - 100% (5760k pontos),Articulada touch 3.2 pol (2100k pontos),Sim - com foco ao toque,1053 pontos (Dual Pixel CMOS AF II),Dual Pixel CMOS AF II - funciona em video,12 fps mecanico - 20 fps eletronico,~87 fotos (aprox.),8K RAW 30fps sem crop - 4K 120fps com leve crop,Sim (P2 3.5mm),Sim (P2 3.5mm),Wi-Fi + Bluetooth
Canon,EOS R6,2020,Mirrorless,Canon RF,Full Frame,20.1,DIGIC X,Sim (5 eixos - ate 8 stops),598g,Eletronico OLED integrado - 100% (3690k pontos),Articulada touch 3.2 pol (1620k pontos),Sim - com foco ao toque,6072 pontos (Dual Pixel CMOS AF II),Dual Pixel CMOS AF II - funciona em video,12 fps mecanico - 20 fps eletronico,~240 fotos (aprox.),4K 60fps sem crop - 1080p 120fps sem crop,Sim (P2 3.5mm),Sim (P2 3.5mm),Wi-Fi + Bluetooth
Canon,EOS R3,2021,Mirrorless,Canon RF,Full Frame,24.1,DIGIC X,Sim (5 eixos - ate 8 stops),822g,Eletronico OLED integrado - 100% (5760k pontos) - com Eye Control AF,Articulada touch 3.2 pol (4150k pontos),Sim - com foco ao toque,4779 pontos (Dual Pixel CMOS AF II com Eye Control),Dual Pixel CMOS AF II - funciona em video,12 fps mecanico - 30 fps eletronico (195 fps em modo customizado),~150 fotos (aprox.),6K RAW 60fps sem crop - 4K 120fps sem crop,Sim (P2 3.5mm),Sim (P2 3.5mm),Wi-Fi + Bluetooth + Ethernet
Canon,EOS R5 C,2022,Mirrorless (hibrida foto/cinema),Canon RF,Full Frame,45,DIGIC X,Nao possui (removido para viabilizar ventilador de resfriamento),~770g (aprox.),Eletronico OLED integrado - 100% (5760k pontos),Articulada touch 3.2 pol (2100k pontos),Sim - com foco ao toque,1053 pontos (Dual Pixel CMOS AF II),Dual Pixel CMOS AF II - funciona em video,12 fps mecanico - 20 fps eletronico,~87 fotos (aprox.),8K RAW 60fps sem crop - 4K 120fps sem crop,Sim (P2 3.5mm + entrada XLR opcional),Sim (P2 3.5mm),Wi-Fi + Bluetooth
Canon,EOS R6 Mark II,2022,Mirrorless,Canon RF,Full Frame,24.2,DIGIC X,Sim (5 eixos - ate 8 stops),588g,Eletronico OLED integrado - 100% (3690k pontos),Articulada touch 3.0 pol (1620k pontos),Sim - com foco ao toque,1053 pontos (Dual Pixel CMOS AF II),Dual Pixel CMOS AF II - funciona em video,12 fps mecanico - 40 fps eletronico,~140 fotos (aprox.),4K 60fps sem crop (oversampled de 6K) - 1080p 180fps sem crop,Sim (P2 3.5mm),Sim (P2 3.5mm),Wi-Fi + Bluetooth
Canon,EOS R7,2022,Mirrorless,Canon RF,APS-C,32.5,DIGIC X,Sim (5 eixos - ate 8 stops - primeira APS-C da Canon com IBIS),530g,Eletronico OLED integrado - 100% (2360k pontos),Articulada touch 3.2 pol (1620k pontos),Sim - com foco ao toque,651 pontos (Dual Pixel CMOS AF II),Dual Pixel CMOS AF II - funciona em video,15 fps mecanico - 30 fps eletronico,~42 fotos (aprox.),4K 60fps sem crop - 1080p 120fps sem crop,Sim (P2 3.5mm),Sim (P2 3.5mm),Wi-Fi + Bluetooth
Canon,EOS R10,2022,Mirrorless,Canon RF,APS-C,24.2,DIGIC X,Nao possui,426g,Eletronico OLED integrado - 100% (2360k pontos),Articulada touch 3.0 pol (baixa resolucao),Sim - com foco ao toque,651 zonas - 4503 posicoes (Dual Pixel CMOS AF II),Dual Pixel CMOS AF II - funciona em video,15 fps mecanico - 23 fps eletronico,~29 fotos (aprox.),4K 30fps sem crop (60fps com crop) - 1080p 120fps sem crop,Sim (P2 3.5mm),Nao possui (aprox.),Wi-Fi + Bluetooth
Canon,EOS R50,2023,Mirrorless,Canon RF,APS-C,24,DIGIC X,Nao possui,328g,Eletronico OLED integrado - 100% (~786k pontos - aprox.),Articulada touch 3.0 pol (baixa resolucao),Sim - com foco ao toque,651 zonas - 4503 posicoes (Dual Pixel CMOS AF II),Dual Pixel CMOS AF II - funciona em video,12 fps eletronico 1a cortina - 15 fps eletronico,~24 fotos (aprox.),4K 30fps sem crop - 1080p 120fps sem crop,Nao possui (aprox.),Nao possui,Wi-Fi + Bluetooth
Canon,EOS R100,2023,Mirrorless,Canon RF,APS-C,24.1,DIGIC 8,Nao possui,356g,Eletronico OLED integrado - 100% (2360k pontos),Fixa 3.0 pol (1040k pontos) - sem touch,Nao possui,143 pontos (Dual Pixel CMOS AF),Dual Pixel CMOS AF - funciona em video,6.5 fps (AF unico) - 3.5 fps (AF continuo),~100 fotos JPEG (aprox.),4K 24fps com crop - 1080p sem crop,Nao possui,Nao possui,Wi-Fi + Bluetooth
Canon,EOS R8,2023,Mirrorless,Canon RF,Full Frame,24.2,DIGIC X,Nao possui,414g,Eletronico OLED integrado - 100% (2360k pontos),Fixa touch 3.0 pol (1620k pontos),Sim - com foco ao toque,651 zonas - 4503 posicoes (Dual Pixel CMOS AF II),Dual Pixel CMOS AF II - funciona em video,6 fps 1a cortina - 40 fps eletronico,~110 fotos (aprox.),4K 60fps sem crop (oversampled de 6K) - 1080p 180fps sem crop,Sim (P2 3.5mm),Nao possui,Wi-Fi + Bluetooth
Canon,EOS R1,2024,Mirrorless,Canon RF,Full Frame,24.2,DIGIC Accelerator + DIGIC X,Sim (ate 8.5 stops),1115g,Eletronico OLED integrado - 100% - com Eye Control AF,Articulada touch 3.2 pol (2100k pontos - aprox.),Sim - com foco ao toque,Nao divulgado com precisao - cobertura quase total do quadro (Dual Pixel CMOS AF II),Dual Pixel CMOS AF II - funciona em video,40 fps eletronico - 12 fps mecanico,~200 fotos (aprox.),6K RAW sem crop - 4K 60fps sem crop,Sim (P2 3.5mm),Sim (P2 3.5mm),Wi-Fi + Bluetooth + Ethernet
Canon,EOS R5 Mark II,2024,Mirrorless,Canon RF,Full Frame,45,DIGIC X + DIGIC Accelerator,Sim (ate 8.5 stops),656g,Eletronico OLED integrado - 100% (5760k pontos),Articulada touch 3.2 pol (2100k pontos),Sim - com foco ao toque,Nao divulgado com precisao (Dual Pixel CMOS AF II),Dual Pixel CMOS AF II - funciona em video,12 fps mecanico - 30 fps eletronico,~180 fotos (aprox.),8K 60fps sem crop - 4K 120fps sem crop,Sim (P2 3.5mm),Sim (P2 3.5mm),Wi-Fi 6E + Bluetooth
Canon,EOS R6 Mark III,2025,Mirrorless,Canon RF,Full Frame,32.5,DIGIC X,Sim (5 eixos),609g,Eletronico OLED integrado - 100% (3690k pontos),Articulada touch 3.2 pol (1620k pontos),Sim - com foco ao toque,Nao divulgado com precisao (Dual Pixel CMOS AF),Dual Pixel CMOS AF - funciona em video,12 fps mecanico - 40 fps eletronico,~190 fotos (aprox.),7K RAW 60fps sem crop (com CFexpress) - 4K 60fps sem crop (oversampled de 7K),Sim (P2 3.5mm),Sim (P2 3.5mm),Wi-Fi + Bluetooth
Canon,EOS R50 V,2025,Mirrorless (vlogging),Canon RF,APS-C,24,DIGIC X,Nao possui,~377g (aprox.),Nao possui visor integrado (voltada para vlogging - sem EVF),Articulada touch 3.0 pol (aprox.),Sim - com foco ao toque,Nao divulgado com precisao (Dual Pixel CMOS AF II),Dual Pixel CMOS AF II - funciona em video,Nao divulgado com precisao (aprox. similar a R50),~24 fotos (aprox.),4K 30fps sem crop,Sim (P2 3.5mm),Nao possui (aprox.),Wi-Fi + Bluetooth + USB-C PD
Canon,EOS R6 V,2026,Mirrorless (video-first - linha EOS V-series),Canon RF,Full Frame,32.5,DIGIC X,Sim (ate 7.5 stops),598g,Nao possui (sem EVF - camera 100% voltada para video),Articulada touch 3.0 pol (aprox.),Sim - com foco ao toque,N/A (sem visor - AF pelo sensor/tela),Dual Pixel CMOS AF II - funciona em video,40 fps eletronico (sem obturador mecanico),Nao divulgado (aprox.),7K RAW 60fps sem crop (Open Gate 7K 30fps) - suporte a Slow and Fast Motion,Sim (audio de 4 canais),Sim (aprox.),Wi-Fi 802.11ac + Bluetooth 5.1
Sony,A3000,2013,Mirrorless (SLR-style),Sony E-mount,APS-C,20.1,BIONZ,Nao possui,411g,Eletronico QVGA integrado (201k pontos),Fixa 3.0 pol (230k pontos),Nao possui,25 pontos (contraste),Contraste - funciona em video,3.5 fps,~5 fotos (aprox.),1080p 30fps sem crop,Nao possui,Nao possui,Nenhuma
Sony,A3500,2014,Mirrorless (SLR-style),Sony E-mount,APS-C,20.1,BIONZ,Nao possui,411g,Eletronico QVGA integrado (201k pontos),Fixa 3.0 pol (230k pontos),Nao possui,25 pontos (contraste),Contraste - funciona em video,3.5 fps,~5 fotos (aprox.),1080p 30fps sem crop,Nao possui,Nao possui,Nenhuma
Sony,A5000,2014,Mirrorless,Sony E-mount,APS-C,20.1,BIONZ X,Nao possui,210g,Nao possui,Articulada (180 para cima) 3.0 pol (460k pontos),Nao possui,25 pontos (contraste),Contraste - funciona em video,3.5 fps,~15 fotos (aprox.),1080p 60fps sem crop,Nao possui,Nao possui,Wi-Fi + NFC
Sony,A5100,2014,Mirrorless,Sony E-mount,APS-C,24.3,BIONZ X,Nao possui,224g,Nao possui,Articulada (180 para cima) touch 3.0 pol (921k pontos),Sim - com foco ao toque,179 pontos fase + 25 pontos contraste (hibrido),Hibrido (fase + contraste) - funciona em video,6 fps,~18 fotos (aprox.),1080p 60fps sem crop (XAVC S - 50Mbps),Nao possui,Nao possui,Wi-Fi + NFC
Sony,A6000,2014,Mirrorless,Sony E-mount,APS-C,24.3,BIONZ X,Nao possui,344g,Eletronico OLED integrado (1440k pontos),Fixa (tilt) 3.0 pol (921k pontos),Nao possui,179 pontos fase + 25 pontos contraste (hibrido),Hibrido (fase + contraste) - funciona em video,11 fps,~22 fotos (aprox.),1080p 60fps sem crop,Nao possui,Nao possui,Wi-Fi + NFC
Sony,A6300,2016,Mirrorless,Sony E-mount,APS-C,24.2,BIONZ X,Nao possui,404g,Eletronico OLED integrado (2359k pontos),Fixa (tilt) 3.0 pol (921k pontos),Nao possui,425 pontos fase + 169 pontos contraste (hibrido),Hibrido (fase + contraste) - funciona em video,11 fps,~21 fotos (aprox.),4K 30fps sem crop (oversampled de 6K) - pioneira 4K APS-C,Sim (P2 3.5mm),Nao possui,Wi-Fi + NFC
Sony,A6500,2016,Mirrorless,Sony E-mount,APS-C,24.2,BIONZ X + LSI Front-End,Sim (5 eixos - ate 5 stops),453g,Eletronico OLED integrado (2359k pontos),Fixa (tilt) touch 3.0 pol (921k pontos),Sim - com foco ao toque,425 pontos fase + 169 pontos contraste (hibrido),Hibrido (fase + contraste) - funciona em video,11 fps,~107 fotos (buffer gigante para a epoca),4K 30fps sem crop,Sim (P2 3.5mm),Nao possui,Wi-Fi + NFC + Bluetooth
Sony,A6400,2019,Mirrorless,Sony E-mount,APS-C,24.2,BIONZ X,Nao possui,403g,Eletronico OLED integrado (2359k pontos),Articulada (180 para cima) touch 3.0 pol (921k pontos),Sim - com foco ao toque,425 pontos fase + 425 pontos contraste (hibrido),Hibrido (fase + contraste) - funciona em video com Real-time Tracking,11 fps,~46 fotos (aprox.),4K 30fps sem crop / sem limite de gravacao (30 min),Sim (P2 3.5mm),Nao possui,Wi-Fi + NFC + Bluetooth
Sony,A6100,2019,Mirrorless,Sony E-mount,APS-C,24.2,BIONZ X,Nao possui,396g,Eletronico OLED integrado (baixa resolucao - 1440k pontos),Articulada (180 para cima) touch 3.0 pol (921k pontos),Sim - com foco ao toque,425 pontos fase + 425 pontos contraste (hibrido),Hibrido (fase + contraste) - funciona em video com Real-time Tracking,11 fps,~33 fotos (aprox.),4K 30fps sem crop,Sim (P2 3.5mm),Nao possui,Wi-Fi + NFC + Bluetooth
Sony,A6600,2019,Mirrorless,Sony E-mount,APS-C,24.2,BIONZ X,Sim (5 eixos - ate 5 stops),503g,Eletronico OLED integrado (2359k pontos),Articulada (180 para cima) touch 3.0 pol (921k pontos),Sim - com foco ao toque,425 pontos fase + 425 pontos contraste (hibrido),Hibrido (fase + contraste) - funciona em video com Real-time Eye AF,11 fps,~44 fotos (aprox.),4K 30fps sem crop / bateria Z grande,Sim (P2 3.5mm),Sim (P2 3.5mm),Wi-Fi + NFC + Bluetooth
Sony,A6700,2023,Mirrorless,Sony E-mount,APS-C,26,BIONZ XR + Processador de IA dedicado,Sim (5 eixos - ate 5 stops),493g,Eletronico OLED integrado (2360k pontos),Articulada touch 3.0 pol (1036k pontos),Sim - com foco ao toque,759 pontos fase + 495 pontos contraste (hibrido),Hibrido (fase + contraste) - funciona em video com IA (Real-time Tracking),11 fps,~59 fotos (aprox.),4K 120fps com crop / 4K 60fps sem crop (oversampled de 6K),Sim (P2 3.5mm),Sim (P2 3.5mm),Wi-Fi + Bluetooth + USB-C 3.2
Sony,A7 II,2014,Mirrorless,Sony E-mount (FE),Full Frame,24.3,BIONZ X,Sim (5 eixos - ate 4.5 stops),556g,Eletronico OLED integrado (2359k pontos),Fixa (tilt) 3.0 pol (1228k pontos),Nao possui,117 pontos fase + 25 pontos contraste (hibrido),Hibrido (fase + contraste) - funciona em video,5 fps,~20 fotos (aprox.),1080p 60fps sem crop,Sim (P2 3.5mm),Sim (P2 3.5mm),Wi-Fi + NFC
Sony,A7 III,2018,Mirrorless,Sony E-mount (FE),Full Frame,24.2,BIONZ X,Sim (5 eixos - ate 5 stops),650g,Eletronico OLED integrado (2359k pontos),Fixa (tilt) touch 3.0 pol (921k pontos),Sim - com foco ao toque,693 pontos fase + 425 pontos contraste (hibrido),Hibrido (fase + contraste) - funciona em video,10 fps,~40 fotos (aprox.),4K 30fps sem crop,Sim (P2 3.5mm),Sim (P2 3.5mm),Wi-Fi + NFC + Bluetooth
Sony,A7 IV,2021,Mirrorless,Sony E-mount (FE),Full Frame,33,BIONZ XR,Sim (5 eixos - ate 5.5 stops),658g,Eletronico OLED integrado (3690k pontos),Articulada touch 3.0 pol (1036k pontos),Sim - com foco ao toque,759 pontos fase + 425 pontos contraste (hibrido),Hibrido (fase + contraste) - funciona em video,10 fps,mais de 1000 fotos (com cartao CFexpress),4K 60fps com crop (super 35) / 4K 30fps sem crop oversampled de 7K,Sim (P2 3.5mm),Sim (P2 3.5mm),Wi-Fi + Bluetooth + USB-C streaming
Sony,A7 V,2025,Mirrorless,Sony E-mount (FE),Full Frame,33,BIONZ XR2 + Processador de IA dedicado,Sim (5 eixos - ate 7.5 stops),~660g (aprox.),Eletronico OLED integrado (3680k pontos),Articulada touch 3.2 pol,Sim - com foco ao toque,759 pontos fase (hibrido),Hibrido (fase + contraste) - funciona em video com Real-time Tracking,30 fps eletronico (blackout-free),~100 fotos (aprox.),4K 60fps sem crop (oversampled de 7K) - 4K 120fps com crop,Sim (P2 3.5mm),Sim (P2 3.5mm),Wi-Fi 6 + Bluetooth + Dual USB-C
Sony,ZV-E10,2021,Mirrorless (vlogging),Sony E-mount,APS-C,24.2,BIONZ X,Nao possui,343g,Nao possui visor integrado (voltada para vlogging - sem EVF),Articulada touch 3.0 pol (921k pontos),Sim - com foco ao toque,425 pontos fase + 425 pontos contraste (hibrido),Hibrido (fase + contraste) - funciona em video,11 fps,~33 fotos (aprox.),1080p 120fps sem crop / 4K 30fps com leve crop,Sim (P2 3.5mm),Sim (P2 3.5mm),Wi-Fi + Bluetooth
Sony,FX3,2021,Mirrorless (cinema),Sony E-mount (FE),Full Frame,12.1,BIONZ XR,Sim (5 eixos - ate 5.5 stops),715g (corpo - 1015g com alça XLR),Nao possui visor integrado (camera de cinema - sem EVF),Articulada touch 3.0 pol (1440k pontos),Sim - com foco ao toque,759 pontos fase + 425 pontos contraste (hibrido),Hibrido (fase + contraste) - funciona em video (10-bit 4:2:2 interno),10 fps,~1000 fotos (aprox.),4K 120fps sem crop (leve crop 1.1x) - ventoinha interna ativa,Sim (P2 3.5mm + entrada XLR incluida),Sim (P2 3.5mm),Wi-Fi de banda dupla + Bluetooth
Sony,FX30,2022,Mirrorless (cinema),Sony E-mount,APS-C,26,BIONZ XR,Sim (5 eixos - active mode digital),562g (corpo - 951g com alça XLR),Nao possui visor integrado (camera de cinema - sem EVF),Articulada touch 3.0 pol (1440k pontos),Sim - com foco ao toque,759 pontos fase + 495 pontos contraste (hibrido),Hibrido (fase + contraste) - funciona em video com IA (Real-time Tracking),11 fps,~59 fotos (aprox.),4K 120fps com crop / 4K 60fps sem crop (oversampled de 6K),Sim (P2 3.5mm + entrada XLR opcional),Sim (P2 3.5mm),Wi-Fi de banda dupla + Bluetooth
Sony,ZV-E1,2023,Mirrorless (vlogging),Sony E-mount (FE),Full Frame,12.1,BIONZ XR + Processador de IA dedicado,Sim (5 eixos - ate 5 stops),483g,Nao possui visor integrado (voltada para vlogging - sem EVF),Articulada touch 3.0 pol (1036k pontos),Sim - com foco ao toque,759 pontos fase (hibrido),Hibrido (fase + contraste) - funciona em video com enquadramento por IA,10 fps,~1000 fotos (aprox.),4K 120fps com crop / 4K 60fps sem crop,Sim (P2 3.5mm),Sim (P2 3.5mm),Wi-Fi + Bluetooth + USB-C streaming
Sony,ZV-E10 II,2024,Mirrorless (vlogging),Sony E-mount,APS-C,26,BIONZ XR,Nao possui (apenas estabilizacao digital e gyro),377g,Nao possui visor integrado (voltada para vlogging - sem EVF),Articulada touch 3.0 pol (1036k pontos),Sim - com foco ao toque,759 pontos fase (hibrido),Hibrido (fase + contraste) - funciona em video com IA,11 fps eletronico (sem obturador mecanico),~30 fotos (aprox.),4K 60fps sem crop (oversampled de 5.6K) / 10-bit 4:2:2 nativo,Sim (P2 3.5mm),Sim (P2 3.5mm),Wi-Fi + Bluetooth + USB-C (vertical video nativo)
Nikon,1 J1,2011,Mirrorless,Nikon 1,1 polegada (CX),10.1,EXPEED 3,Nao possui,234g,Nao possui visor integrado (apenas tela traseira),Fixa 3.0 pol (460k pontos),Nao possui,73 pontos fase + 135 pontos contraste (hibrido),Hibrido (fase + contraste) - funciona em video,10 fps,~5 fotos (aprox.),1080p 30fps sem crop,Nao possui,Nao possui,Nenhuma
Nikon,1 V1,2011,Mirrorless,Nikon 1,1 polegada (CX),10.1,EXPEED 3,Nao possui,294g,Eletronico integrado (1440k pontos),Fixa 3.0 pol (921k pontos),Nao possui,73 pontos fase + 135 pontos contraste (hibrido),Hibrido (fase + contraste) - funciona em video,10 fps,~10 fotos (aprox.),1080p 30fps sem crop,Sim (P2 3.5mm),Nao possui,Porta de acessorios multi-midia
Nikon,1 J2,2012,Mirrorless,Nikon 1,1 polegada (CX),10.1,EXPEED 3,Nao possui,237g,Nao possui visor integrado (apenas tela traseira),Fixa 3.0 pol (921k pontos),Nao possui,73 pontos fase + 135 pontos contraste (hibrido),Hibrido (fase + contraste) - funciona em video,10 fps,~5 fotos (aprox.),1080p 30fps sem crop,Nao possui,Nao possui,Nenhuma
Nikon,1 V2,2012,Mirrorless,Nikon 1,1 polegada (CX),14.2,EXPEED 3A,Nao possui,337g,Eletronico integrado (1440k pontos),Fixa 3.0 pol (921k pontos),Nao possui,73 pontos fase + 135 pontos contraste (hibrido),Hibrido (fase + contraste) - funciona em video,15 fps,~15 fotos (aprox.),1080p 30fps sem crop,Sim (P2 3.5mm),Nao possui,Porta de acessorios multi-midia
Nikon,1 S1,2013,Mirrorless,Nikon 1,1 polegada (CX),10.1,EXPEED 3A,Nao possui,197g,Nao possui visor integrado (apenas tela traseira),Fixa 3.0 pol (460k pontos),Nao possui,73 pontos fase + 135 pontos contraste (hibrido),Hibrido (fase + contraste) - funciona em video,15 fps,~5 fotos (aprox.),1080p 30fps sem crop,Nao possui,Nao possui,Nenhuma
Nikon,1 J3,2013,Mirrorless,Nikon 1,1 polegada (CX),14.2,EXPEED 3A,Nao possui,201g,Nao possui visor integrado (apenas tela traseira),Fixa 3.0 pol (921k pontos),Nao possui,73 pontos fase + 135 pontos contraste (hibrido),Hibrido (fase + contraste) - funciona em video,15 fps,~10 fotos (aprox.),1080p 30fps sem crop,Nao possui,Nao possui,Nenhuma
Nikon,1 AW1,2013,Mirrorless (a prova d'agua),Nikon 1,1 polegada (CX),14.2,EXPEED 3A,Nao possui,313g,Nao possui visor integrado (apenas tela traseira),Fixa 3.0 pol (921k pontos),Nao possui,73 pontos fase + 135 pontos contraste (hibrido),Hibrido (fase + contraste) - funciona em video,15 fps,~10 fotos (aprox.),1080p 30fps sem crop,Nao possui,Nao possui,GPS integrado + Impermeavel ate 15m
Nikon,1 V3,2014,Mirrorless,Nikon 1,1 polegada (CX),18.4,EXPEED 4A,Nao possui,324g,Nao possui visor de serie (suporta EVF opcional DF-N1000),Articulada (tilt) touch 3.0 pol (1037k pontos),Sim - com foco ao toque,171 pontos fase + 171 pontos contraste (hibrido),Hibrido (fase + contraste) - funciona em video,20 fps,~40 fotos (aprox.),1080p 60fps sem crop,Sim (P2 3.5mm),Nao possui,Wi-Fi integrado
Nikon,1 J4,2014,Mirrorless,Nikon 1,1 polegada (CX),18.4,EXPEED 4A,Nao possui,192g,Nao possui visor integrado (apenas tela traseira),Fixa touch 3.0 pol (1037k pontos),Sim - com foco ao toque,171 pontos fase + 171 pontos contraste (hibrido),Hibrido (fase + contraste) - funciona em video,20 fps,~20 fotos (aprox.),1080p 60fps sem crop,Nao possui,Nao possui,Wi-Fi integrado
Nikon,1 S2,2014,Mirrorless,Nikon 1,1 polegada (CX),14.2,EXPEED 4A,Nao possui,190g,Nao possui visor integrado (apenas tela traseira),Fixa 3.0 pol (460k pontos),Nao possui,73 pontos fase + 135 pontos contraste (hibrido),Hibrido (fase + contraste) - funciona em video,20 fps,~10 fotos (aprox.),1080p 60fps sem crop,Nao possui,Nao possui,Nenhuma
Nikon,1 J5,2015,Mirrorless,Nikon 1,1 polegada (CX),20.8,EXPEED 5A,Nao possui,231g,Nao possui visor integrado (apenas tela traseira),Articulada (180 para cima) touch 3.0 pol (1037k pontos),Sim - com foco ao toque,171 pontos fase + 171 pontos contraste (hibrido),Hibrido (fase + contraste) - funciona em video,20 fps,~20 fotos (aprox.),4K 15fps com crop / 1080p 60fps sem crop,Nao possui,Nao possui,Wi-Fi + NFC
Nikon,Z7,2018,Mirrorless,Nikon Z,Full Frame,45.7,EXPEED 6,Sim (5 eixos - ate 5 stops),675g,Eletronico OLED integrado (3690k pontos),Fixa (tilt) touch 3.2 pol (2100k pontos),Sim - com foco ao toque,493 pontos fase (hibrido),Hibrido (fase + contraste) - funciona em video,9 fps,~23 fotos (aprox.),4K 30fps sem crop,Sim (P2 3.5mm),Sim (P2 3.5mm),Wi-Fi + Bluetooth + Tela superior monocromatica
Nikon,Z6,2018,Mirrorless,Nikon Z,Full Frame,24.5,EXPEED 6,Sim (5 eixos - ate 5 stops),675g,Eletronico OLED integrado (3690k pontos),Fixa (tilt) touch 3.2 pol (2100k pontos),Sim - com foco ao toque,273 pontos fase (hibrido),Hibrido (fase + contraste) - funciona em video,12 fps,~35 fotos (aprox.),4K 30fps sem crop oversampled,Sim (P2 3.5mm),Sim (P2 3.5mm),Wi-Fi + Bluetooth + Tela superior monocromatica
Nikon,Z50,2019,Mirrorless,Nikon Z,APS-C (DX),20.9,EXPEED 6,Nao possui,395g,Eletronico OLED integrado (2360k pontos),Articulada (180 para baixo) touch 3.2 pol (1040k pontos),Sim - com foco ao toque,209 pontos fase (hibrido),Hibrido (fase + contraste) - funciona em video,11 fps,~30 fotos (aprox.),4K 30fps sem crop,Sim (P2 3.5mm),Nao possui,Wi-Fi + Bluetooth
Nikon,Z5,2020,Mirrorless,Nikon Z,Full Frame,24.3,EXPEED 6,Sim (5 eixos - ate 5 stops),675g,Eletronico OLED integrado (3690k pontos),Fixa (tilt) touch 3.2 pol (1040k pontos),Sim - com foco ao toque,273 pontos fase (hibrido),Hibrido (fase + contraste) - funciona em video,4.5 fps,~100 fotos (buffer longo),4K 30fps com crop 1.7x / 1080p 60fps sem crop,Sim (P2 3.5mm),Sim (P2 3.5mm),Wi-Fi + Bluetooth + Dual slot SD UHS-II
Nikon,Z6 II,2020,Mirrorless,Nikon Z,Full Frame,24.5,Dual EXPEED 6,Sim (5 eixos - ate 5 stops),705g,Eletronico OLED integrado (3690k pontos),Fixa (tilt) touch 3.2 pol (2100k pontos),Sim - com foco ao toque,273 pontos fase (hibrido),Hibrido (fase + contraste) - funciona em video,14 fps,~124 fotos (aprox.),4K 60fps com leve crop 1.5x / 4K 30fps sem crop,Sim (P2 3.5mm),Sim (P2 3.5mm),Wi-Fi + Bluetooth + Dual slot (CFexpress + SD)
Nikon,Z7 II,2020,Mirrorless,Nikon Z,Full Frame,45.7,Dual EXPEED 6,Sim (5 eixos - ate 5 stops),705g,Eletronico OLED integrado (3690k pontos),Fixa (tilt) touch 3.2 pol (2100k pontos),Sim - com foco ao toque,493 pontos fase (hibrido),Hibrido (fase + contraste) - funciona em video,10 fps,~77 fotos (aprox.),4K 60fps sem crop,Sim (P2 3.5mm),Sim (P2 3.5mm),Wi-Fi + Bluetooth + Dual slot (CFexpress + SD)
Nikon,Zfc,2021,Mirrorless (retro),Nikon Z,APS-C (DX),20.9,EXPEED 6,Nao possui,390g,Eletronico OLED integrado (2360k pontos),Articulada lateral touch 3.0 pol (1040k pontos),Sim - com foco ao toque,209 pontos fase (hibrido),Hibrido (fase + contraste) - funciona em video com Eye-AF,11 fps,~30 fotos (aprox.),4K 30fps sem crop,Sim (P2 3.5mm),Nao possui,Wi-Fi + Bluetooth + Discos mecanicos de controle aluminio
Nikon,Z9,2021,Mirrorless (flagship),Nikon Z,Full Frame,45.7,EXPEED 7 (sensor empilhado - stacked),Sim (5 eixos - ate 6 stops),1340g (com grip integrado),Eletronico OLED Real-Live integrado (3690k pontos - blackout free),Articulada de 4 eixos touch 3.2 pol (2100k pontos),Sim - com foco ao toque,493 pontos fase com IA integrada (9 tipos de sujeitos),Hibrido com IA de rastreamento - funciona em video,20 fps RAW - 120 fps JPEG,mais de 1000 fotos (burst ilimitado CFexpress),8K 60fps interno / 4K 120fps sem crop - sem obturador mecanico,Sim (P2 3.5mm),Sim (P2 3.5mm),Wi-Fi + Bluetooth + GPS + Ethernet RJ-45 integrado
Nikon,Z30,2022,Mirrorless (vlogging),Nikon Z,APS-C (DX),20.9,EXPEED 6,Nao possui (apenas e-VR digital),350g,Nao possui visor integrado (voltada para vlogging - sem EVF),Articulada lateral touch 3.0 pol (1040k pontos),Sim - com foco ao toque,209 pontos fase (hibrido),Hibrido (fase + contraste) - funciona em video com foco no olho continuo,11 fps,~30 fotos (aprox.),4K 30fps sem crop / 1080p 120fps sem crop,Sim (P2 3.5mm),Nao possui,Wi-Fi + Bluetooth + Tally light integrada (led frontal)
Nikon,Z8,2023,Mirrorless,Nikon Z,Full Frame,45.7,EXPEED 7 (sensor empilhado - stacked),Sim (5 eixos - ate 6 stops),910g,Eletronico OLED Real-Live integrado (3690k pontos - blackout free),Articulada de 4 eixos touch 3.2 pol (2100k pontos),Sim - com foco ao toque,493 pontos fase com IA integrada,Hibrido com IA de rastreamento - funciona em video,20 fps RAW - 120 fps JPEG,mais de 1000 fotos (com cartao CFexpress),8K 60fps interno (N-RAW) / 4K 120fps sem crop - sem obturador mecanico,Sim (P2 3.5mm),Sim (P2 3.5mm),Wi-Fi + Bluetooth + Duas portas USB-C dedicadas (carga + dados)
Nikon,Zf,2023,Mirrorless (retro),Nikon Z,Full Frame,24.5,EXPEED 7,Sim (5 eixos - ate 8 stops com ponto de foco atrelado),710g,Eletronico OLED integrado (3690k pontos),Articulada lateral touch 3.2 pol (2100k pontos),Sim - com foco ao toque,273 pontos fase com IA integrada,Hibrido com IA de rastreamento - funciona em video,14 fps mecanico - 30 fps eletronico,~100 fotos (aprox.),4K 60fps com crop 1.5x / 4K 30fps sem crop oversampled de 6K,Sim (P2 3.5mm),Sim (P2 3.5mm),Wi-Fi + Bluetooth + Dual slot MicroSD/SD + Corpo em magnesio
Nikon,Z6 III,2024,Mirrorless,Nikon Z,Full Frame,24.5,EXPEED 7 (sensor parcialmente empilhado),Sim (5 eixos - ate 8 stops),760g,Eletronico OLED ultra-brilhante integrado (5760k pontos - 4000 nits),Articulada lateral touch 3.2 pol (2100k pontos),Sim - com foco ao toque,299 pontos fase com IA de detecção avançada,Hibrido com IA de rastreamento - funciona em video,14 fps mecanico - 120 fps eletronico (JPEG DX),mais de 1000 fotos (com CFexpress),6K 60fps interno (N-RAW) / 4K 120fps com crop 1.5x,Sim (P2 3.5mm),Sim (P2 3.5mm),Wi-Fi + Bluetooth + Dual slot (CFexpress + SD) + N-Log interno
Nikon,Z50 II,2024,Mirrorless,Nikon Z,APS-C (DX),20.9,EXPEED 7,Nao possui,395g,Eletronico OLED brilhante integrado (2360k pontos - 1000 nits),Articulada lateral touch 3.0 pol (1040k pontos),Sim - com foco ao toque,209 pontos fase com algoritmos herdados da Z9,Hibrido com IA de rastreamento - funciona em video,15 fps mecanico - 30 fps eletronico,~30 fotos (aprox.),4K 30fps oversampled de 5.6K sem crop / 1080p 120fps,Sim (P2 3.5mm),Sim (P2 3.5mm),Wi-Fi + Bluetooth + Botao fisico dedicado para Picture Control
Nikon,Z5 II,2025,Mirrorless,Nikon Z,Full Frame,24.3,EXPEED 7 (BSI CMOS),Sim (5 eixos - ate 7.5 stops),700g,Eletronico OLED integrado (3690k pontos - 3000 nits de brilho),Articulada lateral touch 3.2 pol,Sim - com foco ao toque,273 pontos fase com IA de rastreamento de 9 objetos,Hibrido com IA - funciona em video profissional,14 fps RAW - 30 fps eletronico JPEG,~200 fotos (buffer atualizado para UHS-II),4K 30fps sem crop / 4K 60fps com crop 1.5x e 12-bit N-RAW interno,Sim (P2 3.5mm),Sim (P2 3.5mm),Wi-Fi + Bluetooth + Dual slot SD UHS-II
Nikon,ZR,2025,Mirrorless (cinema),Nikon Z,Full Frame,24.5,EXPEED 7 (co-desenvolvido com a RED - sensor part-stacked),Sim (5 eixos - ate 7.5 stops),540g (corpo ultraleve de cinema),Nao possui visor integrado (camera de cinema compacta - sem EVF),Articulada lateral touch monitor grande de 4.0 pol (3070k pontos),Sim - com foco ao toque,299 pontos fase com IA dedicada a rastreamento de objetos,Hibrido com Ciencia de Cor RED - funciona em video profissional,Nao divulgado com precisao (foco estrito em video profissional),Nao divulgado com precisao (foco em midias de cinema),6K 60fps interno REDCODE RAW (R3D NE) / 4K 120fps sem crop,Sim (P2 3.5mm + suporte a audio interno 32-bit float),Sim (P2 3.5mm),Wi-Fi de banda dupla + Bluetooth + Dissipacao passiva de calor
Panasonic,Lumix DMC-G1,2008,Mirrorless,Micro Quatro Terços,Micro Quatro Terdos (2.0x crop),12.1,Venus Engine HD,Nao possui,385g,Eletronico (460k pontos),Articulada 3.0 pol (460k pontos),Nao possui,Contrast Detect (23 pontos),Contraste - nao possui Live View em video,3 fps,poucas fotos,Nao grava video,Nao possui,Nao possui,Nenhuma
Panasonic,Lumix DMC-GH1,2009,Mirrorless,Micro Quatro Terços,Micro Quatro Terdos (2.0x crop),12.1,Venus Engine HD,Nao possui,385g,Eletronico (460k pontos),Articulada 3.0 pol (460k pontos),Nao possui,Contrast Detect (23 pontos),Contraste - funciona em video,3 fps,poucas fotos,1080p 24fps / 720p 60fps,Sim (Jack de 2.5mm especial),Nao possui,Nenhuma
Panasonic,Lumix DMC-GF1,2009,Mirrorless,Micro Quatro Terços,Micro Quatro Terdos (2.0x crop),12.1,Venus Engine HD,Nao possui,285g,Nao possui visor integrado (suporta opcional externo DMW-LVF1),Fixa 3.0 pol (460k pontos),Nao possui,Contrast Detect (23 pontos),Contraste - funciona em video,3 fps,poucas fotos,720p 30fps (AVCHD Lite),Nao possui,Nao possui,Nenhuma
Panasonic,Lumix DMC-G2,2010,Mirrorless,Micro Quatro Terços,Micro Quatro Terdos (2.0x crop),12.1,Venus Engine HD II,Nao possui,371g,Eletronico (460k pontos),Articulada touch 3.0 pol (460k pontos),Sim - com foco ao toque,Contrast Detect (23 pontos),Contraste - funciona em video,3.2 fps,poucas fotos,720p 30fps,Sim (Jack de 2.5mm especial),Nao possui,Nenhuma
Panasonic,Lumix DMC-G10,2010,Mirrorless,Micro Quatro Terços,Micro Quatro Terdos (2.0x crop),12.1,Venus Engine HD II,Nao possui,336g,Eletronico (202k pontos - baixa resolucao),Fixa 3.0 pol (460k pontos),Nao possui,Contrast Detect (23 pontos),Contraste - funciona em video,3.2 fps,poucas fotos,720p 30fps (Motion JPEG),Nao possui,Nao possui,Nenhuma
Panasonic,Lumix DMC-GH2,2010,Mirrorless,Micro Quatro Terços,Micro Quatro Terdos (2.0x crop),16.0,Venus Engine FHD,Nao possui,392g,Eletronico (1530k pontos),Articulada touch 3.0 pol (460k pontos),Sim - com foco ao toque,Contrast Detect (23 pontos),Contraste - funciona em video,5 fps,poucas fotos,1080p 24fps / 60i,Sim (Jack de 2.5mm especial),Nao possui,Nenhuma
Panasonic,Lumix DMC-GF2,2010,Mirrorless,Micro Quatro Terços,Micro Quatro Terdos (2.0x crop),12.1,Venus Engine FHD,Nao possui,265g,Nao possui visor integrado (suporta opcional externo),Fixa touch 3.0 pol (460k pontos),Sim - com foco ao toque,Contrast Detect (23 pontos),Contraste - funciona em video,3.2 fps,poucas fotos,1080i 60fps / 720p 30fps,Nao possui,Nao possui,Nenhuma
Panasonic,Lumix DMC-G3,2011,Mirrorless,Micro Quatro Terços,Micro Quatro Terdos (2.0x crop),16.0,Venus Engine FHD,Nao possui,336g,Eletronico (1440k pontos),Articulada touch 3.0 pol (460k pontos),Sim - com foco ao toque,Contrast Detect (23 pontos),Contraste - funciona em video,4 fps,poucas fotos,1080i 60fps,Nao possui,Nao possui,Nenhuma
Panasonic,Lumix DMC-GF3,2011,Mirrorless,Micro Quatro Terços,Micro Quatro Terdos (2.0x crop),12.1,Venus Engine FHD,Nao possui,225g,Nao possui visor integrado,Fixa touch 3.0 pol (460k pontos),Sim - com foco ao toque,Contrast Detect (23 pontos),Contraste - funciona em video,3.8 fps,poucas fotos,1080i 60fps,Nao possui,Nao possui,Nenhuma
Panasonic,Lumix DMC-GX1,2011,Mirrorless,Micro Quatro Terços,Micro Quatro Terdos (2.0x crop),16.0,Venus Engine FHD,Nao possui,272g,Nao possui visor integrado (suporta opcional externo eletronico LVF2),Fixa touch 3.0 pol (460k pontos),Sim - com foco ao toque,Contrast Detect (23 pontos),Contraste - funciona em video,4.2 fps,poucas fotos,1080i 60fps,Nao possui,Nao possui,Nenhuma
Panasonic,Lumix DMC-G5,2012,Mirrorless,Micro Quatro Terços,Micro Quatro Terdos (2.0x crop),16.0,Venus Engine VII HD,Nao possui,346g,Eletronico (1440k pontos),Articulada touch 3.0 pol (920k pontos),Sim - com foco ao toque,Contrast Detect (23 pontos),Contraste - funciona em video,6 fps,poucas fotos,1080p 60fps,Nao possui,Nao possui,Nenhuma
Panasonic,Lumix DMC-GH3,2012,Mirrorless,Micro Quatro Terços,Micro Quatro Terdos (2.0x crop),16.0,Venus Engine VII HD,Nao possui,470g,Eletronico OLED (1740k pontos),Articulada touch 3.0 pol (614k pontos OLED),Sim - com foco ao toque,Contrast Detect (23 pontos),Contraste - funciona em video com alto bitrate (50-72Mbps),6 fps,~18 fotos (aprox.),1080p 60fps,Sim (P2 3.5mm),Sim (P2 3.5mm),Wi-Fi integrado
Panasonic,Lumix DMC-GF5,2012,Mirrorless,Micro Quatro Terços,Micro Quatro Terdos (2.0x crop),12.1,Venus Engine VII HD,Nao possui,225g,Nao possui visor integrado,Fixa touch 3.0 pol (920k pontos),Sim - com foco ao toque,Contrast Detect (23 pontos),Contraste - funciona em video,4 fps,poucas fotos,1080i 60fps,Nao possui,Nao possui,Nenhuma
Panasonic,Lumix DMC-G6,2013,Mirrorless,Micro Quatro Terços,Micro Quatro Terdos (2.0x crop),16.0,Venus Engine,Nao possui,340g,Eletronico OLED (1440k pontos),Articulada touch 3.0 pol (1036k pontos),Sim - com foco ao toque,Contrast Detect (23 pontos),Contraste - funciona em video,7 fps,poucas fotos,1080p 60fps,Sim (P2 3.5mm),Nao possui,Wi-Fi + NFC
Panasonic,Lumix DMC-GF6,2013,Mirrorless,Micro Quatro Terços,Micro Quatro Terdos (2.0x crop),16.0,Venus Engine,Nao possui,280g,Nao possui visor integrado,Articulada (180 para cima) touch 3.0 pol (1040k pontos),Sim - com foco ao toque,Contrast Detect (23 pontos),Contraste - funciona em video,4.2 fps,poucas fotos,1080i 60fps / 1080p 30fps,Nao possui,Nao possui,Wi-Fi + NFC
Panasonic,Lumix DMC-GX7,2013,Mirrorless,Micro Quatro Terços,Micro Quatro Terdos (2.0x crop),16.0,Venus Engine,Sim (2 eixos - primeira Lumix com estabilizacao),360g,Eletronico inclinavel (2764k pontos),Articulada (tilt) touch 3.0 pol (1040k pontos),Sim - com foco ao toque,Contrast Detect (23 pontos),Contraste - funciona em video,5 fps,poucas fotos,1080p 60fps,Nao possui,Nao possui,Wi-Fi + NFC
Panasonic,Lumix DMC-GM1,2013,Mirrorless,Micro Quatro Terços,Micro Quatro Terdos (2.0x crop),16.0,Venus Engine,Nao possui,173g,Nao possui visor integrado,Fixa touch 3.0 pol (1036k pontos),Sim - com foco ao toque,Contrast Detect (23 pontos),Contraste - funciona em video,5 fps,poucas fotos,1080i 60fps / 1080p 30fps,Nao possui,Nao possui,Wi-Fi integrado
Panasonic,Lumix DMC-GH4,2014,Mirrorless,Micro Quatro Terços,Micro Quatro Terdos (2.0x crop),16.0,Venus Engine (4-CPU),Nao possui,480g,Eletronico OLED (2359k pontos),Articulada touch 3.0 pol (1036k pontos OLED),Sim - com foco ao toque,Contrast Detect com tecnologia DFD (49 pontos),DFD Contraste - funciona em video - pioneira em 4K acessivel,12 fps,~40 fotos (aprox.),4K (DCI) 24fps / 4K (UHD) 30fps,Sim (P2 3.5mm),Sim (P2 3.5mm),Wi-Fi + NFC
Panasonic,Lumix DMC-GM5,2014,Mirrorless,Micro Quatro Terços,Micro Quatro Terdos (2.0x crop),16.0,Venus Engine,Nao possui,180g,Eletronico integrado (1166k pontos),Fixa touch 3.0 pol (921k pontos),Sim - com foco ao toque,Contrast Detect com tecnologia DFD (23 pontos),DFD Contraste - funciona em video,5.8 fps,poucas fotos,1080p 60fps,Nao possui,Nao possui,Wi-Fi integrado
Panasonic,Lumix DMC-GF7,2015,Mirrorless,Micro Quatro Terços,Micro Quatro Terdos (2.0x crop),16.0,Venus Engine,Nao possui,236g,Nao possui visor integrado,Articulada (180 para cima) touch 3.0 pol (1040k pontos),Sim - com foco ao toque,Contrast Detect (23 pontos),Contraste - funciona em video,5.8 fps,poucas fotos,1080p 60fps,Nao possui,Nao possui,Wi-Fi integrado
Panasonic,Lumix DMC-G7,2015,Mirrorless,Micro Quatro Terços,Micro Quatro Terdos (2.0x crop),16.0,Venus Engine (9-quad),Nao possui,360g,Eletronico OLED (2360k pontos),Articulada touch 3.0 pol (1040k pontos),Sim - com foco ao toque,Contrast Detect com tecnologia DFD (49 pontos),DFD Contraste - funciona em video (suporte a 4K Photo),8 fps,~40 fotos (aprox.),4K (UHD) 30fps / 1080p 60fps,Sim (P2 3.5mm),Nao possui,Wi-Fi integrado
Panasonic,Lumix DMC-GX8,2015,Mirrorless,Micro Quatro Terços,Micro Quatro Terdos (2.0x crop),20.3,Venus Engine,Sim (Dual IS - 4 eixos no corpo + lente),435g,Eletronico inclinavel OLED (2360k pontos),Articulada touch 3.0 pol (1040k pontos OLED),Sim - com foco ao toque,Contrast Detect com tecnologia DFD (49 pontos),DFD Contraste - funciona em video,8 fps,~30 fotos (aprox.),4K (UHD) 30fps,Sim (Jack de 2.5mm especial),Nao possui,Wi-Fi + NFC
Panasonic,Lumix DMC-GF8,2016,Mirrorless,Micro Quatro Terços,Micro Quatro Terdos (2.0x crop),16.0,Venus Engine,Nao possui,236g,Nao possui visor integrado,Articulada (180 para cima) touch 3.0 pol (1040k pontos),Sim - com foco ao toque,Contrast Detect (23 pontos),Contraste - funciona em video (foco em selfies),5.8 fps,poucas fotos,1080p 60fps,Nao possui,Nao possui,Wi-Fi integrado
Panasonic,Lumix DMC-GX85,2016,Mirrorless,Micro Quatro Terços,Micro Quatro Terdos (2.0x crop),16.0,Venus Engine,Sim (Dual IS - 5 eixos no corpo),383g,Eletronico integrado (2764k pontos),Articulada (tilt) touch 3.0 pol (1040k pontos),Sim - com foco ao toque,Contrast Detect com tecnologia DFD (49 pontos),DFD Contraste - funciona em video,8 fps,~30 fotos (aprox.),4K (UHD) 30fps - sem filtro passa-baixa,Nao possui,Nao possui,Wi-Fi integrado
Panasonic,Lumix DMC-G85,2016,Mirrorless,Micro Quatro Terços,Micro Quatro Terdos (2.0x crop),16.0,Venus Engine,Sim (Dual IS 2 - 5 eixos ate 5 stops),453g,Eletronico OLED (2360k pontos),Articulada touch 3.0 pol (1040k pontos),Sim - com foco ao toque,Contrast Detect com tecnologia DFD (49 pontos),DFD Contraste - funciona em video - corpo selado,9 fps,~45 fotos (aprox.),4K (UHD) 30fps / 1080p 60fps,Sim (P2 3.5mm),Nao possui,Wi-Fi integrado
Panasonic,Lumix DC-GH5,2017,Mirrorless,Micro Quatro Terços,Micro Quatro Terdos (2.0x crop),20.3,Venus Engine (10a ger),Sim (Dual IS 2 - 5 eixos ate 5 stops),645g,Eletronico OLED integrado (3686k pontos),Articulada touch 3.2 pol (1620k pontos),Sim - com foco ao toque,Contrast Detect com tecnologia DFD (225 pontos),DFD Contraste - avançado para video profissional (10-bit interno),9 fps (com AF continuo) - 12 fps (AF unico),~60 fotos RAW,4K 60fps sem crop / 1080p 180fps,Sim (P2 3.5mm),Sim (P2 3.5mm),Wi-Fi de banda dupla + Bluetooth 4.2
Panasonic,Lumix DC-GX850,2017,Mirrorless,Micro Quatro Terços,Micro Quatro Terços (2.0x crop),16.0,Venus Engine,Não possui,239g,Não possui visor integrado,Articulada (180 para cima) touch 3.0 pol (1040k pontos),Sim - com foco ao toque,Contrast Detect com tecnologia DFD (49 pontos),DFD Contraste - funciona em vídeo,5.8 fps,poucas fotos,4K (UHD) 30fps / 1080p 60fps,Não possui,Não possui,Wi-Fi integrado
Panasonic,Lumix DC-G9,2017,Mirrorless,Micro Quatro Terços,Micro Quatro Terços (2.0x crop),20.3,Venus Engine,Sim (Dual IS 2 - 5 eixos até 6.5 stops),579g,Eletrônico OLED gigante (3680k pontos),Articulada touch 3.0 pol (1040k pontos),Sim - com foco ao toque,Contrast Detect com tecnologia DFD (225 pontos),DFD Contraste - focado em rastreamento rápido de ação,20 fps (com AF contínuo) - 60 fps (AF único),~50 fotos RAW,4K 60fps / 1080p 180fps,Sim (P2 3.5mm),Sim (P2 3.5mm),Wi-Fi de banda dupla + Bluetooth 4.2 + Tela superior
Panasonic,Lumix DC-GH5S,2018,Mirrorless,Micro Quatro Terços,M4/3 Multi-aspecto (1.9x-2.2x crop),10.2,Venus Engine,Não possui (removido para evitar artefatos em vídeo),580g,Eletrônico OLED integrado (3686k pontos),Articulada touch 3.2 pol (1620k pontos),Sim - com foco ao toque,Contrast Detect com tecnologia DFD (225 pontos),DFD Contraste - otimizado para pouca luz (Dual Native ISO),7 fps (com AF contínuo) - 12 fps (AF único),~60 fotos RAW,Cinema 4K 60fps / 4K (UHD) 60fps / 1080p 240fps,Sim (P2 3.5mm + TC In/Out),Sim (P2 3.5mm),Wi-Fi de banda dupla + Bluetooth 4.2
Panasonic,Lumix DC-GX9,2018,Mirrorless,Micro Quatro Terços,Micro Quatro Terços (2.0x crop),20.3,Venus Engine,Sim (5 eixos no corpo - até 4 stops),407g,Eletrônico inclinável (2760k pontos),Articulada (tilt) touch 3.0 pol (1240k pontos),Sim - com foco ao toque,Contrast Detect com tecnologia DFD (49 pontos),DFD Contraste - funciona em vídeo,6 fps (com AF contínuo) - 9 fps (AF único),~30 fotos (aprox.),4K (UHD) 30fps / 1080p 60fps,Não possui,Não possui,Wi-Fi + Bluetooth 4.2
Panasonic,Lumix DC-GF10,2018,Mirrorless,Micro Quatro Terços,Micro Quatro Terços (2.0x crop),16.0,Venus Engine,Não possui,240g,Não possui visor integrado,Articulada (180 para cima) touch 3.0 pol (1040k pontos),Sim - com foco ao toque,Contrast Detect com tecnologia DFD (49 pontos),DFD Contraste - funciona em vídeo (foco em selfies 4K),5.8 fps,poucas fotos,4K (UHD) 30fps / 1080p 60fps,Não possui,Não possui,Wi-Fi integrado
Panasonic,Lumix DC-G95,2019,Mirrorless,Micro Quatro Terços,Micro Quatro Terços (2.0x crop),20.3,Venus Engine,Sim (Dual IS 2 - 5 eixos até 5 stops),484g,Eletrônico OLED (2360k pontos),Articulada touch 3.0 pol (1240k pontos),Sim - com foco ao toque,Contrast Detect com tecnologia DFD (49 pontos),DFD Contraste - funciona em vídeo (gravação ilimitada e V-LogL),6 fps (com AF contínuo) - 9 fps (AF único),~45 fotos (aprox.),4K (UHD) 30fps com crop / 1080p 120fps,Sim (P2 3.5mm),Sim (P2 3.5mm),Wi-Fi + Bluetooth 4.2
Panasonic,Lumix DC-G100,2020,Mirrorless,Micro Quatro Terços,Micro Quatro Terços (2.0x crop),20.3,Venus Engine,Não possui (apenas estabilização digital de 5 eixos em vídeo),303g,Eletrônico integrado (3680k pontos equivalentes),Articulada touch 3.0 pol (1840k pontos),Sim - com foco ao toque,Contrast Detect com tecnologia DFD (49 pontos),DFD Contraste - funciona em vídeo com áudio direcional OZO,5 fps (com AF contínuo) - 6 fps (AF único),~20 fotos (aprox.),4K (UHD) 30fps com crop / 1080p 60fps,Sim (P2 3.5mm),Não possui,Wi-Fi + Bluetooth 4.2
Panasonic,Lumix DC-GH5 II,2021,Mirrorless,Micro Quatro Terços,Micro Quatro Terços (2.0x crop),20.3,Venus Engine atualizado,Sim (Dual IS 2 - 5 eixos até 6.5 stops),647g,Eletrônico OLED integrado (3680k pontos),Articulada touch 3.0 pol (1840k pontos - ultra brilhante),Sim - com foco ao toque,Contrast Detect com detecção de IA avançada (225 pontos),DFD Contraste - algoritmo herdado da S1H (foco aprimorado em vídeo),7 fps (com AF contínuo) - 12 fps (AF único),~60 fotos RAW,4K 60fps 10-bit interno / Suporte nativo a Live Streaming sem PC,Sim (P2 3.5mm),Sim (P2 3.5mm),Wi-Fi de banda dupla + Bluetooth 4.2 + USB-C PD
Panasonic,Lumix DC-GH6,2022,Mirrorless,Micro Quatro Terços,Micro Quatro Terços (2.0x crop),25.2,Venus Engine atualizado (High Speed),Sim (Dual IS 2 - 5 eixos até 7.5 stops),739g,Eletrônico OLED integrado (3680k pontos),Articulada inclinável e giratória de 4 eixos touch 3.0 pol (1840k pontos),Sim - com foco ao toque,Contrast Detect com tecnologia DFD (315 pontos),DFD Contraste - altíssima velocidade em vídeo (ventoinha integrada),8 fps (com obturador mecânico AF-C) - 75 fps (eletrônico AFS),~95 fotos RAW,5.7K 60fps / 4K 120fps 10-bit / ProRes 422 HQ interno,Sim (P2 3.5mm + entrada XLR via adaptador),Sim (P2 3.5mm),Wi-Fi de banda dupla + Bluetooth 5.0 + Slot duplo (CFexpress + SD)
Panasonic,Lumix DC-G9 II,2023,Mirrorless,Micro Quatro Terços,Micro Quatro Terços (2.0x crop),25.2,Venus Engine de última geração,Sim (5 eixos no corpo - até 8 stops),589g,Eletrônico OLED integrado (3680k pontos),Articulada touch 3.0 pol (1840k pontos),Sim - com foco ao toque,Phase Hybrid AF (779 pontos fase + 135 pontos contraste),Foco Híbrido por Fase - primeira M4/3 da marca com rastreamento por fase real,10 fps (com mecânico AF-C) - 60 fps (com eletrônico AF-C),~160 fotos RAW,4K 120fps / 5.7K 60fps / Gravação direta em SSD externo via USB-C,Sim (P2 3.5mm),Sim (P2 3.5mm),Wi-Fi de banda dupla + Bluetooth 5.1 + Duas portas de cartão SD
Panasonic,Lumix DC-G100D,2023,Mirrorless,Micro Quatro Terços,Micro Quatro Terços (2.0x crop),20.3,Venus Engine,Não possui (apenas estabilização digital em vídeo),304g,Eletrônico OLED atualizado (2360k pontos),Articulada touch 3.0 pol (1840k pontos),Sim - com foco ao toque,Contrast Detect com tecnologia DFD (49 pontos),DFD Contraste - focado em vlogs e redes sociais,5 fps (com AF contínuo) - 6 fps (AF único),~20 fotos (aprox.),4K (UHD) 30fps com crop / 1080p 60fps,Sim (P2 3.5mm),Não possui,Wi-Fi + Bluetooth 4.2 + Conector USB-C atualizado
Panasonic,Lumix DC-GH7,2024,Mirrorless,Micro Quatro Terços,Micro Quatro Terços (2.0x crop),25.2,Venus Engine com coprocessador avançado,Sim (Dual IS 2 - 5 eixos até 7.5 stops),739g,Eletrônico OLED integrado (3680k pontos),Articulada inclinável e giratória de 4 eixos touch 3.0 pol (1840k pontos),Sim - com foco ao toque,Phase Hybrid AF com IA dedicada (779 pontos fase + reconhecimento avançado),Foco Híbrido por Fase integrado com Ciência de Cor de Cinema e ventoinha ativa,10 fps (com mecânico AF-C) - 60 fps (com eletrônico AF-C),Burst longo (buffer expandido para CFexpress),5.7K ProRes RAW interno / 4K 120fps / Gravação de Áudio 32-bit Float,Sim (P2 3.5mm + entrada XLR profissional),Sim (P2 3.5mm),Wi-Fi 5 + Bluetooth 5.0 + Streaming nativo via RTMP/RTMPS
Panasonic,Lumix DC-S1,2019,Mirrorless,L-Mount,Full Frame,24.2,Venus Engine,Sim (5 eixos no corpo - ate 6 stops),1021g,Eletronico OLED (5760k pontos),Articulada triaxial 3.2 pol (2100k pontos),Sim - com foco ao toque,Contrast Detect com tecnologia DFD (225 pontos),DFD Contraste - avançado com IA para detecção de corpos,6 fps (com AF continuo) - 9 fps (AF unico),~90 fotos RAW,4K 60fps com crop / 4K 30fps sem crop,Sim (P2 3.5mm),Sim (P2 3.5mm),Wi-Fi de banda dupla + Bluetooth 4.2 + Slot duplo (XQD/SD) + Tela superior
Panasonic,Lumix DC-S1R,2019,Mirrorless,L-Mount,Full Frame,47.3,Venus Engine,Sim (5 eixos no corpo - ate 6 stops),1021g,Eletronico OLED (5760k pontos),Articulada triaxial 3.2 pol (2100k pontos),Sim - com foco ao toque,Contrast Detect com tecnologia DFD (225 pontos),DFD Contraste - focado em altissima resolucao em estudio,6 fps (com AF continuo) - 9 fps (AF unico),~40 fotos RAW,4K 60fps com crop,Sim (P2 3.5mm),Sim (P2 3.5mm),Wi-Fi de banda dupla + Bluetooth 4.2 + Slot duplo (XQD/SD) + Tela superior
Panasonic,Lumix DC-S1H,2019,Mirrorless,L-Mount,Full Frame,24.2,Venus Engine,Sim (5 eixos no corpo - ate 6.5 stops),1052g,Eletronico OLED (5760k pontos),Articulada e inclinavel 3.2 pol (2330k pontos),Sim - com foco ao toque,Contrast Detect com tecnologia DFD (225 pontos),DFD Contraste - primeira camera certificada Netflix (ventoinha integrada),6 fps (com AF continuo) - 9 fps (AF unico),~60 fotos RAW,6K 24fps Open Gate / 4K 60fps 10-bit / Anamorfico,Sim (P2 3.5mm + TC In/Out),Sim (P2 3.5mm),Wi-Fi de banda dupla + Bluetooth 4.2 + Slot duplo SD + Tela superior
Panasonic,Lumix DC-S5,2020,Mirrorless,L-Mount,Full Frame,24.2,Venus Engine,Sim (5 eixos no corpo - ate 6.5 stops),714g,Eletronico OLED (2360k pontos),Articulada touch 3.0 pol (1840k pontos),Sim - com foco ao toque,Contrast Detect com tecnologia DFD (225 pontos),DFD Contraste - versao compacta e hibrida da S1,5 fps (com AF continuo) - 7 fps (AF unico),~24 fotos RAW,4K 60fps 10-bit com crop / 4K 30fps sem crop,Sim (P2 3.5mm),Sim (P2 3.5mm),Wi-Fi de banda dupla + Bluetooth 4.2 + Slot duplo SD
Panasonic,Lumix DC-BS1H,2021,Mirrorless (Formato Cubo),L-Mount,Full Frame,24.2,Venus Engine,Nao possui (estabilizacao digital e gyro pós-producao),585g,Nao possui visor integrado (camera modular de cinema),Nao possui tela integrada (operada via monitor externo),Nao possui,Contrast Detect com tecnologia DFD (225 pontos),DFD Contraste - formato modular para uso profissional e estúdio,6 fps (com AF continuo) - 9 fps (AF unico),Nao divulgado com precisao (foco em video),6K 24fps / 4K 60fps 10-bit / Saida RAW via SDI e HDMI,Sim (P2 3.5mm + entrada XLR via adaptador),Sim (P2 3.5mm),Wi-Fi + Bluetooth + Ethernet RJ-45 com PoE+ + Saida SDI profissional
Panasonic,Lumix DC-S5 II,2023,Mirrorless,L-Mount,Full Frame,24.2,Venus Engine atualizado,Sim (5 eixos no corpo - ate 6.5 stops),740g,Eletronico OLED (3680k pontos),Articulada touch 3.0 pol (1840k pontos),Sim - com foco ao toque,Phase Hybrid AF (779 pontos fase + 135 pontos contraste),Foco Hibrido por Fase - primeira Full Frame da marca com rastreamento por fase real,7 fps (com mecanico AF-C) - 30 fps (com eletronico AF-C),~30 fotos RAW,6K 30fps Open Gate / 4K 60fps com crop / ventoinha integrada,Sim (P2 3.5mm),Sim (P2 3.5mm),Wi-Fi de banda dupla + Bluetooth 5.1 + Slot duplo SD + HDMI tipo A
Panasonic,Lumix DC-S5 IIX,2023,Mirrorless,L-Mount,Full Frame,24.2,Venus Engine atualizado,Sim (5 eixos no corpo - ate 6.5 stops),740g,Eletronico OLED (3680k pontos),Articulada touch 3.0 pol (1840k pontos),Sim - com foco ao toque,Phase Hybrid AF (779 pontos fase + 135 pontos contraste),Foco Hibrido por Fase - design all-black com codecs de video profissionais,7 fps (com mecanico AF-C) - 30 fps (com eletronico AF-C),~30 fotos RAW,ProRes interno / Gravação direta em SSD externo via USB-C / ALL-Intra,Sim (P2 3.5mm),Sim (P2 3.5mm),Wi-Fi de banda dupla + Bluetooth 5.1 + Streaming nativo IP + HDMI tipo A
Panasonic,Lumix DC-S9,2024,Mirrorless,L-Mount,Full Frame,24.2,Venus Engine de ultima geracao,Sim (5 eixos no corpo - ate 6.5 stops),486g,Nao possui visor integrado (voltada para criadores - sem EVF),Articulada touch 3.0 pol (1840k pontos),Sim - com foco ao toque,Phase Hybrid AF com IA (779 pontos fase + rastreamento avancado),Foco Hibrido por Fase com botao dedicado para aplicacao de LUTs em tempo real,Nao divulgado (foco em redes sociais e criacao rapida),~20 fotos (aprox.),6K 30fps Open Gate / 4K 60fps com crop / sem limite de gravacao modificado,Sim (P2 3.5mm),Nao possui (aprox.),Wi-Fi 5 + Bluetooth 5.0 + USB-C streaming (corpo compacto colorido)
Panasonic,Lumix DC-S5 III,2025,Mirrorless,L-Mount,Full Frame,24.2,Venus Engine de ultima geracao,Sim (5 eixos no corpo - ate 7.5 stops),715g,Eletronico OLED (3680k pontos),Articulada touch 3.0 pol (1840k pontos),Sim - com foco ao toque,Phase Hybrid AF II com IA (779 pontos fase + reconhecimento avançado de objetos),Foco Hibrido por Fase com algoritmos de IA aprimorados e sensor otimizado,10 fps (com mecanico AF-C) - 30 fps (com eletronico),~50 fotos RAW (buffer expandido),C4K/4K 60fps sem crop (oversampled de 6K) / 4K 120fps com leve crop,Sim (P2 3.5mm),Sim (P2 3.5mm),Wi-Fi de banda dupla + Bluetooth 5.1 + Slot duplo SD UHS-II + USB-C PD
Panasonic,Lumix DC-S1 Mark II,2025,Mirrorless,L-Mount,Full Frame,47.3,Venus Engine com coprocessador de IA dedicado,Sim (5 eixos no corpo - ate 8 stops),980g,Eletronico OLED ultra-brilhante (5760k pontos),Articulada triaxial touch 3.2 pol (2330k pontos),Sim - com foco ao toque,Phase Hybrid AF com IA dedicada (779 pontos fase + 9 tipos de sujeitos),Foco Híbrido por Fase com Ciencias de Cor profissionais de cinema e corpo selado,10 fps (com mecanico AF-C) - 60 fps (com eletronico),Burst longo (buffer otimizado para cartoes de alta velocidade),8K 30fps interno / 6K 60fps sem crop / ProRes RAW e N-Log via HDMI,Sim (P2 3.5mm + suporte a audio XLR),Sim (P2 3.5mm),Wi-Fi 6E + Bluetooth 5.2 + Slot duplo (CFexpress + SD) + Tela superior
